DROP TABLE IF EXISTS `users`;
DROP TABLE IF EXISTS `customers`;
DROP TABLE IF EXISTS `sellers`;
DROP TABLE IF EXISTS `products`;
DROP TABLE IF EXISTS `orders`;
DROP TABLE IF EXISTS `order_items`;
DROP TABLE IF EXISTS `order_reviews`;


CREATE TABLE users (
    id INT AUTO_INCREMENT PRIMARY KEY,
    username VARCHAR(50) NOT NULL UNIQUE,
    PASSWORD VARCHAR(255) NOT NULL,
    ROLE ENUM('admin', 'staff', 'customer') DEFAULT 'customer'
);

CREATE TABLE customers (
    customer_id VARCHAR(50) PRIMARY KEY,
    customer_name VARCHAR(100),
    email VARCHAR(100),
    phone VARCHAR(20)
);
CREATE TABLE sellers (
    seller_id VARCHAR(50) PRIMARY KEY,
    seller_name VARCHAR(100),
    rating FLOAT
);
CREATE TABLE products (
    product_id VARCHAR(50) PRIMARY KEY,
    product_name VARCHAR(100),
    category VARCHAR(50),
    stock_quantity INT
);
CREATE TABLE orders (
    order_id VARCHAR(50) PRIMARY KEY,
    order_date DATE,
    customer_id VARCHAR(50),
    FOREIGN KEY (customer_id) REFERENCES customers(customer_id)
);
CREATE TABLE order_items (
    order_items_pk INTEGER NOT NULL PRIMARY KEY, 
    order_id VARCHAR(50), 
    product_id VARCHAR(50), 
    seller_id VARCHAR(50), 
    price FLOAT, 
    FOREIGN KEY(order_id) REFERENCES orders(order_id), 
    FOREIGN KEY(product_id) REFERENCES products(product_id), 
    FOREIGN KEY(seller_id) REFERENCES sellers(seller_id)
);
CREATE TABLE order_reviews (
	review_id VARCHAR(50) NOT NULL, 
	order_id VARCHAR(50), 
	review_score INTEGER, 
	review_comment_message VARCHAR(50), 
	PRIMARY KEY (review_id), 
	FOREIGN KEY(order_id) REFERENCES orders (order_id)
);
START TRANSACTION;
INSERT INTO users (user_id, username, PASSWORD, ROLE) VALUES (1, 'user1', 'pass1', 'customer');
INSERT INTO users (user_id, username, PASSWORD, ROLE) VALUES (2, 'user2', 'pass2', 'customer');
INSERT INTO users (user_id, username, PASSWORD, ROLE) VALUES (3, 'user3', 'pass3', 'customer');
INSERT INTO users (user_id, username, PASSWORD, ROLE) VALUES (4, 'user4', 'pass4', 'customer');
INSERT INTO users (user_id, username, PASSWORD, ROLE) VALUES (5, 'user5', 'pass5', 'customer');
INSERT INTO users (user_id, username, PASSWORD, ROLE) VALUES (6, 'user6', 'pass6', 'customer');
INSERT INTO users (user_id, username, PASSWORD, ROLE) VALUES (7, 'user7', 'pass7', 'customer');
INSERT INTO users (user_id, username, PASSWORD, ROLE) VALUES (8, 'user8', 'pass8', 'customer');
INSERT INTO users (user_id, username, PASSWORD, ROLE) VALUES (9, 'user9', 'pass9', 'customer');
INSERT INTO users (user_id, username, PASSWORD, ROLE) VALUES (10, 'user10', 'pass10', 'customer');
INSERT INTO users (user_id, username, PASSWORD, ROLE) VALUES (11, 'user11', 'pass11', 'customer');
INSERT INTO users (user_id, username, PASSWORD, ROLE) VALUES (12, 'user12', 'pass12', 'customer');
INSERT INTO users (user_id, username, PASSWORD, ROLE) VALUES (13, 'user13', 'pass13', 'customer');
INSERT INTO users (user_id, username, PASSWORD, ROLE) VALUES (14, 'user14', 'pass14', 'customer');
INSERT INTO users (user_id, username, PASSWORD, ROLE) VALUES (15, 'user15', 'pass15', 'customer');
INSERT INTO users (user_id, username, PASSWORD, ROLE) VALUES (16, 'user16', 'pass16', 'customer');
INSERT INTO users (user_id, username, PASSWORD, ROLE) VALUES (17, 'user17', 'pass17', 'customer');
INSERT INTO users (user_id, username, PASSWORD, ROLE) VALUES (18, 'user18', 'pass18', 'customer');
INSERT INTO users (user_id, username, PASSWORD, ROLE) VALUES (19, 'user19', 'pass19', 'customer');
INSERT INTO users (user_id, username, PASSWORD, ROLE) VALUES (20, 'user20', 'pass20', 'customer');
INSERT INTO users (user_id, username, PASSWORD, ROLE) VALUES (21, 'user21', 'pass21', 'customer');
INSERT INTO users (user_id, username, PASSWORD, ROLE) VALUES (22, 'user22', 'pass22', 'customer');
INSERT INTO users (user_id, username, PASSWORD, ROLE) VALUES (23, 'user23', 'pass23', 'customer');
INSERT INTO users (user_id, username, PASSWORD, ROLE) VALUES (24, 'user24', 'pass24', 'customer');
INSERT INTO users (user_id, username, PASSWORD, ROLE) VALUES (25, 'user25', 'pass25', 'customer');
INSERT INTO users (user_id, username, PASSWORD, ROLE) VALUES (26, 'user26', 'pass26', 'customer');
INSERT INTO users (user_id, username, PASSWORD, ROLE) VALUES (27, 'user27', 'pass27', 'customer');
INSERT INTO users (user_id, username, PASSWORD, ROLE) VALUES (28, 'user28', 'pass28', 'customer');
INSERT INTO users (user_id, username, PASSWORD, ROLE) VALUES (29, 'user29', 'pass29', 'customer');
INSERT INTO users (user_id, username, PASSWORD, ROLE) VALUES (30, 'user30', 'pass30', 'customer');
INSERT INTO users (user_id, username, PASSWORD, ROLE) VALUES (31, 'user31', 'pass31', 'customer');
INSERT INTO users (user_id, username, PASSWORD, ROLE) VALUES (32, 'user32', 'pass32', 'customer');
INSERT INTO users (user_id, username, PASSWORD, ROLE) VALUES (33, 'user33', 'pass33', 'customer');
INSERT INTO users (user_id, username, PASSWORD, ROLE) VALUES (34, 'user34', 'pass34', 'customer');
INSERT INTO users (user_id, username, PASSWORD, ROLE) VALUES (35, 'user35', 'pass35', 'customer');
INSERT INTO users (user_id, username, PASSWORD, ROLE) VALUES (36, 'user36', 'pass36', 'customer');
INSERT INTO users (user_id, username, PASSWORD, ROLE) VALUES (37, 'user37', 'pass37', 'customer');
INSERT INTO users (user_id, username, PASSWORD, ROLE) VALUES (38, 'user38', 'pass38', 'customer');
INSERT INTO users (user_id, username, PASSWORD, ROLE) VALUES (39, 'user39', 'pass39', 'customer');
INSERT INTO users (user_id, username, PASSWORD, ROLE) VALUES (40, 'user40', 'pass40', 'customer');
INSERT INTO users (user_id, username, PASSWORD, ROLE) VALUES (41, 'user41', 'pass41', 'customer');
INSERT INTO users (user_id, username, PASSWORD, ROLE) VALUES (42, 'user42', 'pass42', 'customer');
INSERT INTO users (user_id, username, PASSWORD, ROLE) VALUES (43, 'user43', 'pass43', 'customer');
INSERT INTO users (user_id, username, PASSWORD, ROLE) VALUES (44, 'user44', 'pass44', 'customer');
INSERT INTO users (user_id, username, PASSWORD, ROLE) VALUES (45, 'user45', 'pass45', 'customer');
INSERT INTO users (user_id, username, PASSWORD, ROLE) VALUES (46, 'user46', 'pass46', 'customer');
INSERT INTO users (user_id, username, PASSWORD, ROLE) VALUES (47, 'user47', 'pass47', 'customer');
INSERT INTO users (user_id, username, PASSWORD, ROLE) VALUES (48, 'user48', 'pass48', 'customer');
INSERT INTO users (user_id, username, PASSWORD, ROLE) VALUES (49, 'user49', 'pass49', 'customer');
INSERT INTO users (user_id, username, PASSWORD, ROLE) VALUES (50, 'user50', 'pass50', 'customer');
INSERT INTO users (user_id, username, PASSWORD, ROLE) VALUES (51, 'user51', 'pass51', 'customer');
INSERT INTO users (user_id, username, PASSWORD, ROLE) VALUES (52, 'user52', 'pass52', 'customer');
INSERT INTO users (user_id, username, PASSWORD, ROLE) VALUES (53, 'user53', 'pass53', 'customer');
INSERT INTO users (user_id, username, PASSWORD, ROLE) VALUES (54, 'user54', 'pass54', 'customer');
INSERT INTO users (user_id, username, PASSWORD, ROLE) VALUES (55, 'user55', 'pass55', 'customer');
INSERT INTO users (user_id, username, PASSWORD, ROLE) VALUES (56, 'user56', 'pass56', 'customer');
INSERT INTO users (user_id, username, PASSWORD, ROLE) VALUES (57, 'user57', 'pass57', 'customer');
INSERT INTO users (user_id, username, PASSWORD, ROLE) VALUES (58, 'user58', 'pass58', 'customer');
INSERT INTO users (user_id, username, PASSWORD, ROLE) VALUES (59, 'user59', 'pass59', 'customer');
INSERT INTO users (user_id, username, PASSWORD, ROLE) VALUES (60, 'user60', 'pass60', 'customer');
INSERT INTO users (user_id, username, PASSWORD, ROLE) VALUES (61, 'user61', 'pass61', 'customer');
INSERT INTO users (user_id, username, PASSWORD, ROLE) VALUES (62, 'user62', 'pass62', 'customer');
INSERT INTO users (user_id, username, PASSWORD, ROLE) VALUES (63, 'user63', 'pass63', 'customer');
INSERT INTO users (user_id, username, PASSWORD, ROLE) VALUES (64, 'user64', 'pass64', 'customer');
INSERT INTO users (user_id, username, PASSWORD, ROLE) VALUES (65, 'user65', 'pass65', 'customer');
INSERT INTO users (user_id, username, PASSWORD, ROLE) VALUES (66, 'user66', 'pass66', 'customer');
INSERT INTO users (user_id, username, PASSWORD, ROLE) VALUES (67, 'user67', 'pass67', 'customer');
INSERT INTO users (user_id, username, PASSWORD, ROLE) VALUES (68, 'user68', 'pass68', 'customer');
INSERT INTO users (user_id, username, PASSWORD, ROLE) VALUES (69, 'user69', 'pass69', 'customer');
INSERT INTO users (user_id, username, PASSWORD, ROLE) VALUES (70, 'user70', 'pass70', 'customer');
INSERT INTO users (user_id, username, PASSWORD, ROLE) VALUES (71, 'user71', 'pass71', 'customer');
INSERT INTO users (user_id, username, PASSWORD, ROLE) VALUES (72, 'user72', 'pass72', 'customer');
INSERT INTO users (user_id, username, PASSWORD, ROLE) VALUES (73, 'user73', 'pass73', 'customer');
INSERT INTO users (user_id, username, PASSWORD, ROLE) VALUES (74, 'user74', 'pass74', 'customer');
INSERT INTO users (user_id, username, PASSWORD, ROLE) VALUES (75, 'user75', 'pass75', 'customer');
INSERT INTO users (user_id, username, PASSWORD, ROLE) VALUES (76, 'user76', 'pass76', 'customer');
INSERT INTO users (user_id, username, PASSWORD, ROLE) VALUES (77, 'user77', 'pass77', 'customer');
INSERT INTO users (user_id, username, PASSWORD, ROLE) VALUES (78, 'user78', 'pass78', 'customer');
INSERT INTO users (user_id, username, PASSWORD, ROLE) VALUES (79, 'user79', 'pass79', 'customer');
INSERT INTO users (user_id, username, PASSWORD, ROLE) VALUES (80, 'user80', 'pass80', 'customer');
INSERT INTO users (user_id, username, PASSWORD, ROLE) VALUES (81, 'user81', 'pass81', 'customer');
INSERT INTO users (user_id, username, PASSWORD, ROLE) VALUES (82, 'user82', 'pass82', 'customer');
INSERT INTO users (user_id, username, PASSWORD, ROLE) VALUES (83, 'user83', 'pass83', 'customer');
INSERT INTO users (user_id, username, PASSWORD, ROLE) VALUES (84, 'user84', 'pass84', 'customer');
INSERT INTO users (user_id, username, PASSWORD, ROLE) VALUES (85, 'user85', 'pass85', 'customer');
INSERT INTO users (user_id, username, PASSWORD, ROLE) VALUES (86, 'user86', 'pass86', 'customer');
INSERT INTO users (user_id, username, PASSWORD, ROLE) VALUES (87, 'user87', 'pass87', 'customer');
INSERT INTO users (user_id, username, PASSWORD, ROLE) VALUES (88, 'user88', 'pass88', 'customer');
INSERT INTO users (user_id, username, PASSWORD, ROLE) VALUES (89, 'user89', 'pass89', 'customer');
INSERT INTO users (user_id, username, PASSWORD, ROLE) VALUES (90, 'user90', 'pass90', 'customer');
INSERT INTO users (user_id, username, PASSWORD, ROLE) VALUES (91, 'user91', 'pass91', 'customer');
INSERT INTO users (user_id, username, PASSWORD, ROLE) VALUES (92, 'user92', 'pass92', 'customer');
INSERT INTO users (user_id, username, PASSWORD, ROLE) VALUES (93, 'user93', 'pass93', 'customer');
INSERT INTO users (user_id, username, PASSWORD, ROLE) VALUES (94, 'user94', 'pass94', 'customer');
INSERT INTO users (user_id, username, PASSWORD, ROLE) VALUES (95, 'user95', 'pass95', 'customer');
INSERT INTO users (user_id, username, PASSWORD, ROLE) VALUES (96, 'user96', 'pass96', 'customer');
INSERT INTO users (user_id, username, PASSWORD, ROLE) VALUES (97, 'user97', 'pass97', 'customer');
INSERT INTO users (user_id, username, PASSWORD, ROLE) VALUES (98, 'user98', 'pass98', 'customer');
INSERT INTO users (user_id, username, PASSWORD, ROLE) VALUES (99, 'user99', 'pass99', 'customer');
INSERT INTO users (user_id, username, PASSWORD, ROLE) VALUES (100, 'user100', 'pass100', 'customer');
INSERT INTO users (user_id, username, PASSWORD, ROLE) VALUES (101, 'user101', 'pass101', 'customer');
INSERT INTO users (user_id, username, PASSWORD, ROLE) VALUES (102, 'user102', 'pass102', 'customer');
INSERT INTO users (user_id, username, PASSWORD, ROLE) VALUES (103, 'user103', 'pass103', 'customer');
INSERT INTO users (user_id, username, PASSWORD, ROLE) VALUES (104, 'user104', 'pass104', 'customer');
INSERT INTO users (user_id, username, PASSWORD, ROLE) VALUES (105, 'user105', 'pass105', 'customer');
INSERT INTO users (user_id, username, PASSWORD, ROLE) VALUES (106, 'user106', 'pass106', 'customer');
INSERT INTO users (user_id, username, PASSWORD, ROLE) VALUES (107, 'user107', 'pass107', 'customer');
INSERT INTO users (user_id, username, PASSWORD, ROLE) VALUES (108, 'user108', 'pass108', 'customer');
INSERT INTO users (user_id, username, PASSWORD, ROLE) VALUES (109, 'user109', 'pass109', 'customer');
INSERT INTO users (user_id, username, PASSWORD, ROLE) VALUES (110, 'user110', 'pass110', 'customer');
INSERT INTO users (user_id, username, PASSWORD, ROLE) VALUES (111, 'user111', 'pass111', 'customer');
INSERT INTO users (user_id, username, PASSWORD, ROLE) VALUES (112, 'user112', 'pass112', 'customer');
INSERT INTO users (user_id, username, PASSWORD, ROLE) VALUES (113, 'user113', 'pass113', 'customer');
INSERT INTO users (user_id, username, PASSWORD, ROLE) VALUES (114, 'user114', 'pass114', 'customer');
INSERT INTO users (user_id, username, PASSWORD, ROLE) VALUES (115, 'user115', 'pass115', 'customer');
INSERT INTO users (user_id, username, PASSWORD, ROLE) VALUES (116, 'user116', 'pass116', 'customer');
INSERT INTO users (user_id, username, PASSWORD, ROLE) VALUES (117, 'user117', 'pass117', 'customer');
INSERT INTO users (user_id, username, PASSWORD, ROLE) VALUES (118, 'user118', 'pass118', 'customer');
INSERT INTO users (user_id, username, PASSWORD, ROLE) VALUES (119, 'user119', 'pass119', 'customer');
INSERT INTO users (user_id, username, PASSWORD, ROLE) VALUES (120, 'user120', 'pass120', 'customer');
INSERT INTO users (user_id, username, PASSWORD, ROLE) VALUES (121, 'user121', 'pass121', 'customer');
INSERT INTO users (user_id, username, PASSWORD, ROLE) VALUES (122, 'user122', 'pass122', 'customer');
INSERT INTO users (user_id, username, PASSWORD, ROLE) VALUES (123, 'user123', 'pass123', 'customer');
INSERT INTO users (user_id, username, PASSWORD, ROLE) VALUES (124, 'user124', 'pass124', 'customer');
INSERT INTO users (user_id, username, PASSWORD, ROLE) VALUES (125, 'user125', 'pass125', 'customer');
INSERT INTO users (user_id, username, PASSWORD, ROLE) VALUES (126, 'user126', 'pass126', 'customer');
INSERT INTO users (user_id, username, PASSWORD, ROLE) VALUES (127, 'user127', 'pass127', 'customer');
INSERT INTO users (user_id, username, PASSWORD, ROLE) VALUES (128, 'user128', 'pass128', 'customer');
INSERT INTO users (user_id, username, PASSWORD, ROLE) VALUES (129, 'user129', 'pass129', 'customer');
INSERT INTO users (user_id, username, PASSWORD, ROLE) VALUES (130, 'user130', 'pass130', 'customer');
INSERT INTO users (user_id, username, PASSWORD, ROLE) VALUES (131, 'user131', 'pass131', 'customer');
INSERT INTO users (user_id, username, PASSWORD, ROLE) VALUES (132, 'user132', 'pass132', 'customer');
INSERT INTO users (user_id, username, PASSWORD, ROLE) VALUES (133, 'user133', 'pass133', 'customer');
INSERT INTO users (user_id, username, PASSWORD, ROLE) VALUES (134, 'user134', 'pass134', 'customer');
INSERT INTO users (user_id, username, PASSWORD, ROLE) VALUES (135, 'user135', 'pass135', 'customer');
INSERT INTO users (user_id, username, PASSWORD, ROLE) VALUES (136, 'user136', 'pass136', 'customer');
INSERT INTO users (user_id, username, PASSWORD, ROLE) VALUES (137, 'user137', 'pass137', 'customer');
INSERT INTO users (user_id, username, PASSWORD, ROLE) VALUES (138, 'user138', 'pass138', 'customer');
INSERT INTO users (user_id, username, PASSWORD, ROLE) VALUES (139, 'user139', 'pass139', 'customer');
INSERT INTO users (user_id, username, PASSWORD, ROLE) VALUES (140, 'user140', 'pass140', 'customer');
INSERT INTO users (user_id, username, PASSWORD, ROLE) VALUES (141, 'user141', 'pass141', 'customer');
INSERT INTO users (user_id, username, PASSWORD, ROLE) VALUES (142, 'user142', 'pass142', 'customer');
INSERT INTO users (user_id, username, PASSWORD, ROLE) VALUES (143, 'user143', 'pass143', 'customer');
INSERT INTO users (user_id, username, PASSWORD, ROLE) VALUES (144, 'user144', 'pass144', 'customer');
INSERT INTO users (user_id, username, PASSWORD, ROLE) VALUES (145, 'user145', 'pass145', 'customer');
INSERT INTO users (user_id, username, PASSWORD, ROLE) VALUES (146, 'user146', 'pass146', 'customer');
INSERT INTO users (user_id, username, PASSWORD, ROLE) VALUES (147, 'user147', 'pass147', 'customer');
INSERT INTO users (user_id, username, PASSWORD, ROLE) VALUES (148, 'user148', 'pass148', 'customer');
INSERT INTO users (user_id, username, PASSWORD, ROLE) VALUES (149, 'user149', 'pass149', 'customer');
INSERT INTO users (user_id, username, PASSWORD, ROLE) VALUES (150, 'user150', 'pass150', 'customer');
INSERT INTO users (user_id, username, PASSWORD, ROLE) VALUES (151, 'user151', 'pass151', 'customer');
INSERT INTO users (user_id, username, PASSWORD, ROLE) VALUES (152, 'user152', 'pass152', 'customer');
INSERT INTO users (user_id, username, PASSWORD, ROLE) VALUES (153, 'user153', 'pass153', 'customer');
INSERT INTO users (user_id, username, PASSWORD, ROLE) VALUES (154, 'user154', 'pass154', 'customer');
INSERT INTO users (user_id, username, PASSWORD, ROLE) VALUES (155, 'user155', 'pass155', 'customer');
INSERT INTO users (user_id, username, PASSWORD, ROLE) VALUES (156, 'user156', 'pass156', 'customer');
INSERT INTO users (user_id, username, PASSWORD, ROLE) VALUES (157, 'user157', 'pass157', 'customer');
INSERT INTO users (user_id, username, PASSWORD, ROLE) VALUES (158, 'user158', 'pass158', 'customer');
INSERT INTO users (user_id, username, PASSWORD, ROLE) VALUES (159, 'user159', 'pass159', 'customer');
INSERT INTO users (user_id, username, PASSWORD, ROLE) VALUES (160, 'user160', 'pass160', 'customer');
INSERT INTO users (user_id, username, PASSWORD, ROLE) VALUES (161, 'user161', 'pass161', 'customer');
INSERT INTO users (user_id, username, PASSWORD, ROLE) VALUES (162, 'user162', 'pass162', 'customer');
INSERT INTO users (user_id, username, PASSWORD, ROLE) VALUES (163, 'user163', 'pass163', 'customer');
INSERT INTO users (user_id, username, PASSWORD, ROLE) VALUES (164, 'user164', 'pass164', 'customer');
INSERT INTO users (user_id, username, PASSWORD, ROLE) VALUES (165, 'user165', 'pass165', 'customer');
INSERT INTO users (user_id, username, PASSWORD, ROLE) VALUES (166, 'user166', 'pass166', 'customer');
INSERT INTO users (user_id, username, PASSWORD, ROLE) VALUES (167, 'user167', 'pass167', 'customer');
INSERT INTO users (user_id, username, PASSWORD, ROLE) VALUES (168, 'user168', 'pass168', 'customer');
INSERT INTO users (user_id, username, PASSWORD, ROLE) VALUES (169, 'user169', 'pass169', 'customer');
INSERT INTO users (user_id, username, PASSWORD, ROLE) VALUES (170, 'user170', 'pass170', 'customer');
INSERT INTO users (user_id, username, PASSWORD, ROLE) VALUES (171, 'user171', 'pass171', 'customer');
INSERT INTO users (user_id, username, PASSWORD, ROLE) VALUES (172, 'user172', 'pass172', 'customer');
INSERT INTO users (user_id, username, PASSWORD, ROLE) VALUES (173, 'user173', 'pass173', 'customer');
INSERT INTO users (user_id, username, PASSWORD, ROLE) VALUES (174, 'user174', 'pass174', 'customer');
INSERT INTO users (user_id, username, PASSWORD, ROLE) VALUES (175, 'user175', 'pass175', 'customer');
INSERT INTO users (user_id, username, PASSWORD, ROLE) VALUES (176, 'user176', 'pass176', 'customer');
INSERT INTO users (user_id, username, PASSWORD, ROLE) VALUES (177, 'user177', 'pass177', 'customer');
INSERT INTO users (user_id, username, PASSWORD, ROLE) VALUES (178, 'user178', 'pass178', 'customer');
INSERT INTO users (user_id, username, PASSWORD, ROLE) VALUES (179, 'user179', 'pass179', 'customer');
INSERT INTO users (user_id, username, PASSWORD, ROLE) VALUES (180, 'user180', 'pass180', 'customer');
INSERT INTO users (user_id, username, PASSWORD, ROLE) VALUES (181, 'user181', 'pass181', 'customer');
INSERT INTO users (user_id, username, PASSWORD, ROLE) VALUES (182, 'user182', 'pass182', 'customer');
INSERT INTO users (user_id, username, PASSWORD, ROLE) VALUES (183, 'user183', 'pass183', 'customer');
INSERT INTO users (user_id, username, PASSWORD, ROLE) VALUES (184, 'user184', 'pass184', 'customer');
INSERT INTO users (user_id, username, PASSWORD, ROLE) VALUES (185, 'user185', 'pass185', 'customer');
INSERT INTO users (user_id, username, PASSWORD, ROLE) VALUES (186, 'user186', 'pass186', 'customer');
INSERT INTO users (user_id, username, PASSWORD, ROLE) VALUES (187, 'user187', 'pass187', 'customer');
INSERT INTO users (user_id, username, PASSWORD, ROLE) VALUES (188, 'user188', 'pass188', 'customer');
INSERT INTO users (user_id, username, PASSWORD, ROLE) VALUES (189, 'user189', 'pass189', 'customer');
INSERT INTO users (user_id, username, PASSWORD, ROLE) VALUES (190, 'user190', 'pass190', 'customer');
INSERT INTO users (user_id, username, PASSWORD, ROLE) VALUES (191, 'user191', 'pass191', 'customer');
INSERT INTO users (user_id, username, PASSWORD, ROLE) VALUES (192, 'user192', 'pass192', 'customer');
INSERT INTO users (user_id, username, PASSWORD, ROLE) VALUES (193, 'user193', 'pass193', 'customer');
INSERT INTO users (user_id, username, PASSWORD, ROLE) VALUES (194, 'user194', 'pass194', 'customer');
INSERT INTO users (user_id, username, PASSWORD, ROLE) VALUES (195, 'user195', 'pass195', 'customer');
INSERT INTO users (user_id, username, PASSWORD, ROLE) VALUES (196, 'user196', 'pass196', 'customer');
INSERT INTO users (user_id, username, PASSWORD, ROLE) VALUES (197, 'user197', 'pass197', 'customer');
INSERT INTO users (user_id, username, PASSWORD, ROLE) VALUES (198, 'user198', 'pass198', 'customer');
INSERT INTO users (user_id, username, PASSWORD, ROLE) VALUES (199, 'user199', 'pass199', 'customer');
INSERT INTO users (user_id, username, PASSWORD, ROLE) VALUES (200, 'user200', 'pass200', 'customer');
INSERT INTO customers (customer_id, customer_name, email, phone) VALUES ('cust001', 'Customer 1', 'cust1@example.com', '12345678001');
INSERT INTO customers (customer_id, customer_name, email, phone) VALUES ('cust002', 'Customer 2', 'cust2@example.com', '12345678002');
INSERT INTO customers (customer_id, customer_name, email, phone) VALUES ('cust003', 'Customer 3', 'cust3@example.com', '12345678003');
INSERT INTO customers (customer_id, customer_name, email, phone) VALUES ('cust004', 'Customer 4', 'cust4@example.com', '12345678004');
INSERT INTO customers (customer_id, customer_name, email, phone) VALUES ('cust005', 'Customer 5', 'cust5@example.com', '12345678005');
INSERT INTO customers (customer_id, customer_name, email, phone) VALUES ('cust006', 'Customer 6', 'cust6@example.com', '12345678006');
INSERT INTO customers (customer_id, customer_name, email, phone) VALUES ('cust007', 'Customer 7', 'cust7@example.com', '12345678007');
INSERT INTO customers (customer_id, customer_name, email, phone) VALUES ('cust008', 'Customer 8', 'cust8@example.com', '12345678008');
INSERT INTO customers (customer_id, customer_name, email, phone) VALUES ('cust009', 'Customer 9', 'cust9@example.com', '12345678009');
INSERT INTO customers (customer_id, customer_name, email, phone) VALUES ('cust010', 'Customer 10', 'cust10@example.com', '12345678010');
INSERT INTO customers (customer_id, customer_name, email, phone) VALUES ('cust011', 'Customer 11', 'cust11@example.com', '12345678011');
INSERT INTO customers (customer_id, customer_name, email, phone) VALUES ('cust012', 'Customer 12', 'cust12@example.com', '12345678012');
INSERT INTO customers (customer_id, customer_name, email, phone) VALUES ('cust013', 'Customer 13', 'cust13@example.com', '12345678013');
INSERT INTO customers (customer_id, customer_name, email, phone) VALUES ('cust014', 'Customer 14', 'cust14@example.com', '12345678014');
INSERT INTO customers (customer_id, customer_name, email, phone) VALUES ('cust015', 'Customer 15', 'cust15@example.com', '12345678015');
INSERT INTO customers (customer_id, customer_name, email, phone) VALUES ('cust016', 'Customer 16', 'cust16@example.com', '12345678016');
INSERT INTO customers (customer_id, customer_name, email, phone) VALUES ('cust017', 'Customer 17', 'cust17@example.com', '12345678017');
INSERT INTO customers (customer_id, customer_name, email, phone) VALUES ('cust018', 'Customer 18', 'cust18@example.com', '12345678018');
INSERT INTO customers (customer_id, customer_name, email, phone) VALUES ('cust019', 'Customer 19', 'cust19@example.com', '12345678019');
INSERT INTO customers (customer_id, customer_name, email, phone) VALUES ('cust020', 'Customer 20', 'cust20@example.com', '12345678020');
INSERT INTO customers (customer_id, customer_name, email, phone) VALUES ('cust021', 'Customer 21', 'cust21@example.com', '12345678021');
INSERT INTO customers (customer_id, customer_name, email, phone) VALUES ('cust022', 'Customer 22', 'cust22@example.com', '12345678022');
INSERT INTO customers (customer_id, customer_name, email, phone) VALUES ('cust023', 'Customer 23', 'cust23@example.com', '12345678023');
INSERT INTO customers (customer_id, customer_name, email, phone) VALUES ('cust024', 'Customer 24', 'cust24@example.com', '12345678024');
INSERT INTO customers (customer_id, customer_name, email, phone) VALUES ('cust025', 'Customer 25', 'cust25@example.com', '12345678025');
INSERT INTO customers (customer_id, customer_name, email, phone) VALUES ('cust026', 'Customer 26', 'cust26@example.com', '12345678026');
INSERT INTO customers (customer_id, customer_name, email, phone) VALUES ('cust027', 'Customer 27', 'cust27@example.com', '12345678027');
INSERT INTO customers (customer_id, customer_name, email, phone) VALUES ('cust028', 'Customer 28', 'cust28@example.com', '12345678028');
INSERT INTO customers (customer_id, customer_name, email, phone) VALUES ('cust029', 'Customer 29', 'cust29@example.com', '12345678029');
INSERT INTO customers (customer_id, customer_name, email, phone) VALUES ('cust030', 'Customer 30', 'cust30@example.com', '12345678030');
INSERT INTO customers (customer_id, customer_name, email, phone) VALUES ('cust031', 'Customer 31', 'cust31@example.com', '12345678031');
INSERT INTO customers (customer_id, customer_name, email, phone) VALUES ('cust032', 'Customer 32', 'cust32@example.com', '12345678032');
INSERT INTO customers (customer_id, customer_name, email, phone) VALUES ('cust033', 'Customer 33', 'cust33@example.com', '12345678033');
INSERT INTO customers (customer_id, customer_name, email, phone) VALUES ('cust034', 'Customer 34', 'cust34@example.com', '12345678034');
INSERT INTO customers (customer_id, customer_name, email, phone) VALUES ('cust035', 'Customer 35', 'cust35@example.com', '12345678035');
INSERT INTO customers (customer_id, customer_name, email, phone) VALUES ('cust036', 'Customer 36', 'cust36@example.com', '12345678036');
INSERT INTO customers (customer_id, customer_name, email, phone) VALUES ('cust037', 'Customer 37', 'cust37@example.com', '12345678037');
INSERT INTO customers (customer_id, customer_name, email, phone) VALUES ('cust038', 'Customer 38', 'cust38@example.com', '12345678038');
INSERT INTO customers (customer_id, customer_name, email, phone) VALUES ('cust039', 'Customer 39', 'cust39@example.com', '12345678039');
INSERT INTO customers (customer_id, customer_name, email, phone) VALUES ('cust040', 'Customer 40', 'cust40@example.com', '12345678040');
INSERT INTO customers (customer_id, customer_name, email, phone) VALUES ('cust041', 'Customer 41', 'cust41@example.com', '12345678041');
INSERT INTO customers (customer_id, customer_name, email, phone) VALUES ('cust042', 'Customer 42', 'cust42@example.com', '12345678042');
INSERT INTO customers (customer_id, customer_name, email, phone) VALUES ('cust043', 'Customer 43', 'cust43@example.com', '12345678043');
INSERT INTO customers (customer_id, customer_name, email, phone) VALUES ('cust044', 'Customer 44', 'cust44@example.com', '12345678044');
INSERT INTO customers (customer_id, customer_name, email, phone) VALUES ('cust045', 'Customer 45', 'cust45@example.com', '12345678045');
INSERT INTO customers (customer_id, customer_name, email, phone) VALUES ('cust046', 'Customer 46', 'cust46@example.com', '12345678046');
INSERT INTO customers (customer_id, customer_name, email, phone) VALUES ('cust047', 'Customer 47', 'cust47@example.com', '12345678047');
INSERT INTO customers (customer_id, customer_name, email, phone) VALUES ('cust048', 'Customer 48', 'cust48@example.com', '12345678048');
INSERT INTO customers (customer_id, customer_name, email, phone) VALUES ('cust049', 'Customer 49', 'cust49@example.com', '12345678049');
INSERT INTO customers (customer_id, customer_name, email, phone) VALUES ('cust050', 'Customer 50', 'cust50@example.com', '12345678050');
INSERT INTO customers (customer_id, customer_name, email, phone) VALUES ('cust051', 'Customer 51', 'cust51@example.com', '12345678051');
INSERT INTO customers (customer_id, customer_name, email, phone) VALUES ('cust052', 'Customer 52', 'cust52@example.com', '12345678052');
INSERT INTO customers (customer_id, customer_name, email, phone) VALUES ('cust053', 'Customer 53', 'cust53@example.com', '12345678053');
INSERT INTO customers (customer_id, customer_name, email, phone) VALUES ('cust054', 'Customer 54', 'cust54@example.com', '12345678054');
INSERT INTO customers (customer_id, customer_name, email, phone) VALUES ('cust055', 'Customer 55', 'cust55@example.com', '12345678055');
INSERT INTO customers (customer_id, customer_name, email, phone) VALUES ('cust056', 'Customer 56', 'cust56@example.com', '12345678056');
INSERT INTO customers (customer_id, customer_name, email, phone) VALUES ('cust057', 'Customer 57', 'cust57@example.com', '12345678057');
INSERT INTO customers (customer_id, customer_name, email, phone) VALUES ('cust058', 'Customer 58', 'cust58@example.com', '12345678058');
INSERT INTO customers (customer_id, customer_name, email, phone) VALUES ('cust059', 'Customer 59', 'cust59@example.com', '12345678059');
INSERT INTO customers (customer_id, customer_name, email, phone) VALUES ('cust060', 'Customer 60', 'cust60@example.com', '12345678060');
INSERT INTO customers (customer_id, customer_name, email, phone) VALUES ('cust061', 'Customer 61', 'cust61@example.com', '12345678061');
INSERT INTO customers (customer_id, customer_name, email, phone) VALUES ('cust062', 'Customer 62', 'cust62@example.com', '12345678062');
INSERT INTO customers (customer_id, customer_name, email, phone) VALUES ('cust063', 'Customer 63', 'cust63@example.com', '12345678063');
INSERT INTO customers (customer_id, customer_name, email, phone) VALUES ('cust064', 'Customer 64', 'cust64@example.com', '12345678064');
INSERT INTO customers (customer_id, customer_name, email, phone) VALUES ('cust065', 'Customer 65', 'cust65@example.com', '12345678065');
INSERT INTO customers (customer_id, customer_name, email, phone) VALUES ('cust066', 'Customer 66', 'cust66@example.com', '12345678066');
INSERT INTO customers (customer_id, customer_name, email, phone) VALUES ('cust067', 'Customer 67', 'cust67@example.com', '12345678067');
INSERT INTO customers (customer_id, customer_name, email, phone) VALUES ('cust068', 'Customer 68', 'cust68@example.com', '12345678068');
INSERT INTO customers (customer_id, customer_name, email, phone) VALUES ('cust069', 'Customer 69', 'cust69@example.com', '12345678069');
INSERT INTO customers (customer_id, customer_name, email, phone) VALUES ('cust070', 'Customer 70', 'cust70@example.com', '12345678070');
INSERT INTO customers (customer_id, customer_name, email, phone) VALUES ('cust071', 'Customer 71', 'cust71@example.com', '12345678071');
INSERT INTO customers (customer_id, customer_name, email, phone) VALUES ('cust072', 'Customer 72', 'cust72@example.com', '12345678072');
INSERT INTO customers (customer_id, customer_name, email, phone) VALUES ('cust073', 'Customer 73', 'cust73@example.com', '12345678073');
INSERT INTO customers (customer_id, customer_name, email, phone) VALUES ('cust074', 'Customer 74', 'cust74@example.com', '12345678074');
INSERT INTO customers (customer_id, customer_name, email, phone) VALUES ('cust075', 'Customer 75', 'cust75@example.com', '12345678075');
INSERT INTO customers (customer_id, customer_name, email, phone) VALUES ('cust076', 'Customer 76', 'cust76@example.com', '12345678076');
INSERT INTO customers (customer_id, customer_name, email, phone) VALUES ('cust077', 'Customer 77', 'cust77@example.com', '12345678077');
INSERT INTO customers (customer_id, customer_name, email, phone) VALUES ('cust078', 'Customer 78', 'cust78@example.com', '12345678078');
INSERT INTO customers (customer_id, customer_name, email, phone) VALUES ('cust079', 'Customer 79', 'cust79@example.com', '12345678079');
INSERT INTO customers (customer_id, customer_name, email, phone) VALUES ('cust080', 'Customer 80', 'cust80@example.com', '12345678080');
INSERT INTO customers (customer_id, customer_name, email, phone) VALUES ('cust081', 'Customer 81', 'cust81@example.com', '12345678081');
INSERT INTO customers (customer_id, customer_name, email, phone) VALUES ('cust082', 'Customer 82', 'cust82@example.com', '12345678082');
INSERT INTO customers (customer_id, customer_name, email, phone) VALUES ('cust083', 'Customer 83', 'cust83@example.com', '12345678083');
INSERT INTO customers (customer_id, customer_name, email, phone) VALUES ('cust084', 'Customer 84', 'cust84@example.com', '12345678084');
INSERT INTO customers (customer_id, customer_name, email, phone) VALUES ('cust085', 'Customer 85', 'cust85@example.com', '12345678085');
INSERT INTO customers (customer_id, customer_name, email, phone) VALUES ('cust086', 'Customer 86', 'cust86@example.com', '12345678086');
INSERT INTO customers (customer_id, customer_name, email, phone) VALUES ('cust087', 'Customer 87', 'cust87@example.com', '12345678087');
INSERT INTO customers (customer_id, customer_name, email, phone) VALUES ('cust088', 'Customer 88', 'cust88@example.com', '12345678088');
INSERT INTO customers (customer_id, customer_name, email, phone) VALUES ('cust089', 'Customer 89', 'cust89@example.com', '12345678089');
INSERT INTO customers (customer_id, customer_name, email, phone) VALUES ('cust090', 'Customer 90', 'cust90@example.com', '12345678090');
INSERT INTO customers (customer_id, customer_name, email, phone) VALUES ('cust091', 'Customer 91', 'cust91@example.com', '12345678091');
INSERT INTO customers (customer_id, customer_name, email, phone) VALUES ('cust092', 'Customer 92', 'cust92@example.com', '12345678092');
INSERT INTO customers (customer_id, customer_name, email, phone) VALUES ('cust093', 'Customer 93', 'cust93@example.com', '12345678093');
INSERT INTO customers (customer_id, customer_name, email, phone) VALUES ('cust094', 'Customer 94', 'cust94@example.com', '12345678094');
INSERT INTO customers (customer_id, customer_name, email, phone) VALUES ('cust095', 'Customer 95', 'cust95@example.com', '12345678095');
INSERT INTO customers (customer_id, customer_name, email, phone) VALUES ('cust096', 'Customer 96', 'cust96@example.com', '12345678096');
INSERT INTO customers (customer_id, customer_name, email, phone) VALUES ('cust097', 'Customer 97', 'cust97@example.com', '12345678097');
INSERT INTO customers (customer_id, customer_name, email, phone) VALUES ('cust098', 'Customer 98', 'cust98@example.com', '12345678098');
INSERT INTO customers (customer_id, customer_name, email, phone) VALUES ('cust099', 'Customer 99', 'cust99@example.com', '12345678099');
INSERT INTO customers (customer_id, customer_name, email, phone) VALUES ('cust100', 'Customer 100', 'cust100@example.com', '12345678100');
INSERT INTO customers (customer_id, customer_name, email, phone) VALUES ('cust101', 'Customer 101', 'cust101@example.com', '12345678101');
INSERT INTO customers (customer_id, customer_name, email, phone) VALUES ('cust102', 'Customer 102', 'cust102@example.com', '12345678102');
INSERT INTO customers (customer_id, customer_name, email, phone) VALUES ('cust103', 'Customer 103', 'cust103@example.com', '12345678103');
INSERT INTO customers (customer_id, customer_name, email, phone) VALUES ('cust104', 'Customer 104', 'cust104@example.com', '12345678104');
INSERT INTO customers (customer_id, customer_name, email, phone) VALUES ('cust105', 'Customer 105', 'cust105@example.com', '12345678105');
INSERT INTO customers (customer_id, customer_name, email, phone) VALUES ('cust106', 'Customer 106', 'cust106@example.com', '12345678106');
INSERT INTO customers (customer_id, customer_name, email, phone) VALUES ('cust107', 'Customer 107', 'cust107@example.com', '12345678107');
INSERT INTO customers (customer_id, customer_name, email, phone) VALUES ('cust108', 'Customer 108', 'cust108@example.com', '12345678108');
INSERT INTO customers (customer_id, customer_name, email, phone) VALUES ('cust109', 'Customer 109', 'cust109@example.com', '12345678109');
INSERT INTO customers (customer_id, customer_name, email, phone) VALUES ('cust110', 'Customer 110', 'cust110@example.com', '12345678110');
INSERT INTO customers (customer_id, customer_name, email, phone) VALUES ('cust111', 'Customer 111', 'cust111@example.com', '12345678111');
INSERT INTO customers (customer_id, customer_name, email, phone) VALUES ('cust112', 'Customer 112', 'cust112@example.com', '12345678112');
INSERT INTO customers (customer_id, customer_name, email, phone) VALUES ('cust113', 'Customer 113', 'cust113@example.com', '12345678113');
INSERT INTO customers (customer_id, customer_name, email, phone) VALUES ('cust114', 'Customer 114', 'cust114@example.com', '12345678114');
INSERT INTO customers (customer_id, customer_name, email, phone) VALUES ('cust115', 'Customer 115', 'cust115@example.com', '12345678115');
INSERT INTO customers (customer_id, customer_name, email, phone) VALUES ('cust116', 'Customer 116', 'cust116@example.com', '12345678116');
INSERT INTO customers (customer_id, customer_name, email, phone) VALUES ('cust117', 'Customer 117', 'cust117@example.com', '12345678117');
INSERT INTO customers (customer_id, customer_name, email, phone) VALUES ('cust118', 'Customer 118', 'cust118@example.com', '12345678118');
INSERT INTO customers (customer_id, customer_name, email, phone) VALUES ('cust119', 'Customer 119', 'cust119@example.com', '12345678119');
INSERT INTO customers (customer_id, customer_name, email, phone) VALUES ('cust120', 'Customer 120', 'cust120@example.com', '12345678120');
INSERT INTO customers (customer_id, customer_name, email, phone) VALUES ('cust121', 'Customer 121', 'cust121@example.com', '12345678121');
INSERT INTO customers (customer_id, customer_name, email, phone) VALUES ('cust122', 'Customer 122', 'cust122@example.com', '12345678122');
INSERT INTO customers (customer_id, customer_name, email, phone) VALUES ('cust123', 'Customer 123', 'cust123@example.com', '12345678123');
INSERT INTO customers (customer_id, customer_name, email, phone) VALUES ('cust124', 'Customer 124', 'cust124@example.com', '12345678124');
INSERT INTO customers (customer_id, customer_name, email, phone) VALUES ('cust125', 'Customer 125', 'cust125@example.com', '12345678125');
INSERT INTO customers (customer_id, customer_name, email, phone) VALUES ('cust126', 'Customer 126', 'cust126@example.com', '12345678126');
INSERT INTO customers (customer_id, customer_name, email, phone) VALUES ('cust127', 'Customer 127', 'cust127@example.com', '12345678127');
INSERT INTO customers (customer_id, customer_name, email, phone) VALUES ('cust128', 'Customer 128', 'cust128@example.com', '12345678128');
INSERT INTO customers (customer_id, customer_name, email, phone) VALUES ('cust129', 'Customer 129', 'cust129@example.com', '12345678129');
INSERT INTO customers (customer_id, customer_name, email, phone) VALUES ('cust130', 'Customer 130', 'cust130@example.com', '12345678130');
INSERT INTO customers (customer_id, customer_name, email, phone) VALUES ('cust131', 'Customer 131', 'cust131@example.com', '12345678131');
INSERT INTO customers (customer_id, customer_name, email, phone) VALUES ('cust132', 'Customer 132', 'cust132@example.com', '12345678132');
INSERT INTO customers (customer_id, customer_name, email, phone) VALUES ('cust133', 'Customer 133', 'cust133@example.com', '12345678133');
INSERT INTO customers (customer_id, customer_name, email, phone) VALUES ('cust134', 'Customer 134', 'cust134@example.com', '12345678134');
INSERT INTO customers (customer_id, customer_name, email, phone) VALUES ('cust135', 'Customer 135', 'cust135@example.com', '12345678135');
INSERT INTO customers (customer_id, customer_name, email, phone) VALUES ('cust136', 'Customer 136', 'cust136@example.com', '12345678136');
INSERT INTO customers (customer_id, customer_name, email, phone) VALUES ('cust137', 'Customer 137', 'cust137@example.com', '12345678137');
INSERT INTO customers (customer_id, customer_name, email, phone) VALUES ('cust138', 'Customer 138', 'cust138@example.com', '12345678138');
INSERT INTO customers (customer_id, customer_name, email, phone) VALUES ('cust139', 'Customer 139', 'cust139@example.com', '12345678139');
INSERT INTO customers (customer_id, customer_name, email, phone) VALUES ('cust140', 'Customer 140', 'cust140@example.com', '12345678140');
INSERT INTO customers (customer_id, customer_name, email, phone) VALUES ('cust141', 'Customer 141', 'cust141@example.com', '12345678141');
INSERT INTO customers (customer_id, customer_name, email, phone) VALUES ('cust142', 'Customer 142', 'cust142@example.com', '12345678142');
INSERT INTO customers (customer_id, customer_name, email, phone) VALUES ('cust143', 'Customer 143', 'cust143@example.com', '12345678143');
INSERT INTO customers (customer_id, customer_name, email, phone) VALUES ('cust144', 'Customer 144', 'cust144@example.com', '12345678144');
INSERT INTO customers (customer_id, customer_name, email, phone) VALUES ('cust145', 'Customer 145', 'cust145@example.com', '12345678145');
INSERT INTO customers (customer_id, customer_name, email, phone) VALUES ('cust146', 'Customer 146', 'cust146@example.com', '12345678146');
INSERT INTO customers (customer_id, customer_name, email, phone) VALUES ('cust147', 'Customer 147', 'cust147@example.com', '12345678147');
INSERT INTO customers (customer_id, customer_name, email, phone) VALUES ('cust148', 'Customer 148', 'cust148@example.com', '12345678148');
INSERT INTO customers (customer_id, customer_name, email, phone) VALUES ('cust149', 'Customer 149', 'cust149@example.com', '12345678149');
INSERT INTO customers (customer_id, customer_name, email, phone) VALUES ('cust150', 'Customer 150', 'cust150@example.com', '12345678150');
INSERT INTO customers (customer_id, customer_name, email, phone) VALUES ('cust151', 'Customer 151', 'cust151@example.com', '12345678151');
INSERT INTO customers (customer_id, customer_name, email, phone) VALUES ('cust152', 'Customer 152', 'cust152@example.com', '12345678152');
INSERT INTO customers (customer_id, customer_name, email, phone) VALUES ('cust153', 'Customer 153', 'cust153@example.com', '12345678153');
INSERT INTO customers (customer_id, customer_name, email, phone) VALUES ('cust154', 'Customer 154', 'cust154@example.com', '12345678154');
INSERT INTO customers (customer_id, customer_name, email, phone) VALUES ('cust155', 'Customer 155', 'cust155@example.com', '12345678155');
INSERT INTO customers (customer_id, customer_name, email, phone) VALUES ('cust156', 'Customer 156', 'cust156@example.com', '12345678156');
INSERT INTO customers (customer_id, customer_name, email, phone) VALUES ('cust157', 'Customer 157', 'cust157@example.com', '12345678157');
INSERT INTO customers (customer_id, customer_name, email, phone) VALUES ('cust158', 'Customer 158', 'cust158@example.com', '12345678158');
INSERT INTO customers (customer_id, customer_name, email, phone) VALUES ('cust159', 'Customer 159', 'cust159@example.com', '12345678159');
INSERT INTO customers (customer_id, customer_name, email, phone) VALUES ('cust160', 'Customer 160', 'cust160@example.com', '12345678160');
INSERT INTO customers (customer_id, customer_name, email, phone) VALUES ('cust161', 'Customer 161', 'cust161@example.com', '12345678161');
INSERT INTO customers (customer_id, customer_name, email, phone) VALUES ('cust162', 'Customer 162', 'cust162@example.com', '12345678162');
INSERT INTO customers (customer_id, customer_name, email, phone) VALUES ('cust163', 'Customer 163', 'cust163@example.com', '12345678163');
INSERT INTO customers (customer_id, customer_name, email, phone) VALUES ('cust164', 'Customer 164', 'cust164@example.com', '12345678164');
INSERT INTO customers (customer_id, customer_name, email, phone) VALUES ('cust165', 'Customer 165', 'cust165@example.com', '12345678165');
INSERT INTO customers (customer_id, customer_name, email, phone) VALUES ('cust166', 'Customer 166', 'cust166@example.com', '12345678166');
INSERT INTO customers (customer_id, customer_name, email, phone) VALUES ('cust167', 'Customer 167', 'cust167@example.com', '12345678167');
INSERT INTO customers (customer_id, customer_name, email, phone) VALUES ('cust168', 'Customer 168', 'cust168@example.com', '12345678168');
INSERT INTO customers (customer_id, customer_name, email, phone) VALUES ('cust169', 'Customer 169', 'cust169@example.com', '12345678169');
INSERT INTO customers (customer_id, customer_name, email, phone) VALUES ('cust170', 'Customer 170', 'cust170@example.com', '12345678170');
INSERT INTO customers (customer_id, customer_name, email, phone) VALUES ('cust171', 'Customer 171', 'cust171@example.com', '12345678171');
INSERT INTO customers (customer_id, customer_name, email, phone) VALUES ('cust172', 'Customer 172', 'cust172@example.com', '12345678172');
INSERT INTO customers (customer_id, customer_name, email, phone) VALUES ('cust173', 'Customer 173', 'cust173@example.com', '12345678173');
INSERT INTO customers (customer_id, customer_name, email, phone) VALUES ('cust174', 'Customer 174', 'cust174@example.com', '12345678174');
INSERT INTO customers (customer_id, customer_name, email, phone) VALUES ('cust175', 'Customer 175', 'cust175@example.com', '12345678175');
INSERT INTO customers (customer_id, customer_name, email, phone) VALUES ('cust176', 'Customer 176', 'cust176@example.com', '12345678176');
INSERT INTO customers (customer_id, customer_name, email, phone) VALUES ('cust177', 'Customer 177', 'cust177@example.com', '12345678177');
INSERT INTO customers (customer_id, customer_name, email, phone) VALUES ('cust178', 'Customer 178', 'cust178@example.com', '12345678178');
INSERT INTO customers (customer_id, customer_name, email, phone) VALUES ('cust179', 'Customer 179', 'cust179@example.com', '12345678179');
INSERT INTO customers (customer_id, customer_name, email, phone) VALUES ('cust180', 'Customer 180', 'cust180@example.com', '12345678180');
INSERT INTO customers (customer_id, customer_name, email, phone) VALUES ('cust181', 'Customer 181', 'cust181@example.com', '12345678181');
INSERT INTO customers (customer_id, customer_name, email, phone) VALUES ('cust182', 'Customer 182', 'cust182@example.com', '12345678182');
INSERT INTO customers (customer_id, customer_name, email, phone) VALUES ('cust183', 'Customer 183', 'cust183@example.com', '12345678183');
INSERT INTO customers (customer_id, customer_name, email, phone) VALUES ('cust184', 'Customer 184', 'cust184@example.com', '12345678184');
INSERT INTO customers (customer_id, customer_name, email, phone) VALUES ('cust185', 'Customer 185', 'cust185@example.com', '12345678185');
INSERT INTO customers (customer_id, customer_name, email, phone) VALUES ('cust186', 'Customer 186', 'cust186@example.com', '12345678186');
INSERT INTO customers (customer_id, customer_name, email, phone) VALUES ('cust187', 'Customer 187', 'cust187@example.com', '12345678187');
INSERT INTO customers (customer_id, customer_name, email, phone) VALUES ('cust188', 'Customer 188', 'cust188@example.com', '12345678188');
INSERT INTO customers (customer_id, customer_name, email, phone) VALUES ('cust189', 'Customer 189', 'cust189@example.com', '12345678189');
INSERT INTO customers (customer_id, customer_name, email, phone) VALUES ('cust190', 'Customer 190', 'cust190@example.com', '12345678190');
INSERT INTO customers (customer_id, customer_name, email, phone) VALUES ('cust191', 'Customer 191', 'cust191@example.com', '12345678191');
INSERT INTO customers (customer_id, customer_name, email, phone) VALUES ('cust192', 'Customer 192', 'cust192@example.com', '12345678192');
INSERT INTO customers (customer_id, customer_name, email, phone) VALUES ('cust193', 'Customer 193', 'cust193@example.com', '12345678193');
INSERT INTO customers (customer_id, customer_name, email, phone) VALUES ('cust194', 'Customer 194', 'cust194@example.com', '12345678194');
INSERT INTO customers (customer_id, customer_name, email, phone) VALUES ('cust195', 'Customer 195', 'cust195@example.com', '12345678195');
INSERT INTO customers (customer_id, customer_name, email, phone) VALUES ('cust196', 'Customer 196', 'cust196@example.com', '12345678196');
INSERT INTO customers (customer_id, customer_name, email, phone) VALUES ('cust197', 'Customer 197', 'cust197@example.com', '12345678197');
INSERT INTO customers (customer_id, customer_name, email, phone) VALUES ('cust198', 'Customer 198', 'cust198@example.com', '12345678198');
INSERT INTO customers (customer_id, customer_name, email, phone) VALUES ('cust199', 'Customer 199', 'cust199@example.com', '12345678199');
INSERT INTO customers (customer_id, customer_name, email, phone) VALUES ('cust200', 'Customer 200', 'cust200@example.com', '12345678200');
INSERT INTO sellers (seller_id, seller_name, rating) VALUES ('sell001', 'Seller 1', 2.26);
INSERT INTO sellers (seller_id, seller_name, rating) VALUES ('sell002', 'Seller 2', 3.61);
INSERT INTO sellers (seller_id, seller_name, rating) VALUES ('sell003', 'Seller 3', 3.48);
INSERT INTO sellers (seller_id, seller_name, rating) VALUES ('sell004', 'Seller 4', 2.65);
INSERT INTO sellers (seller_id, seller_name, rating) VALUES ('sell005', 'Seller 5', 1.73);
INSERT INTO sellers (seller_id, seller_name, rating) VALUES ('sell006', 'Seller 6', 2.57);
INSERT INTO sellers (seller_id, seller_name, rating) VALUES ('sell007', 'Seller 7', 2.87);
INSERT INTO sellers (seller_id, seller_name, rating) VALUES ('sell008', 'Seller 8', 3.0);
INSERT INTO sellers (seller_id, seller_name, rating) VALUES ('sell009', 'Seller 9', 4.33);
INSERT INTO sellers (seller_id, seller_name, rating) VALUES ('sell010', 'Seller 10', 2.82);
INSERT INTO sellers (seller_id, seller_name, rating) VALUES ('sell011', 'Seller 11', 4.21);
INSERT INTO sellers (seller_id, seller_name, rating) VALUES ('sell012', 'Seller 12', 1.46);
INSERT INTO sellers (seller_id, seller_name, rating) VALUES ('sell013', 'Seller 13', 2.56);
INSERT INTO sellers (seller_id, seller_name, rating) VALUES ('sell014', 'Seller 14', 2.32);
INSERT INTO sellers (seller_id, seller_name, rating) VALUES ('sell015', 'Seller 15', 1.89);
INSERT INTO sellers (seller_id, seller_name, rating) VALUES ('sell016', 'Seller 16', 2.86);
INSERT INTO sellers (seller_id, seller_name, rating) VALUES ('sell017', 'Seller 17', 3.22);
INSERT INTO sellers (seller_id, seller_name, rating) VALUES ('sell018', 'Seller 18', 1.71);
INSERT INTO sellers (seller_id, seller_name, rating) VALUES ('sell019', 'Seller 19', 1.98);
INSERT INTO sellers (seller_id, seller_name, rating) VALUES ('sell020', 'Seller 20', 3.36);
INSERT INTO sellers (seller_id, seller_name, rating) VALUES ('sell021', 'Seller 21', 2.96);
INSERT INTO sellers (seller_id, seller_name, rating) VALUES ('sell022', 'Seller 22', 1.94);
INSERT INTO sellers (seller_id, seller_name, rating) VALUES ('sell023', 'Seller 23', 2.3);
INSERT INTO sellers (seller_id, seller_name, rating) VALUES ('sell024', 'Seller 24', 4.16);
INSERT INTO sellers (seller_id, seller_name, rating) VALUES ('sell025', 'Seller 25', 2.7);
INSERT INTO sellers (seller_id, seller_name, rating) VALUES ('sell026', 'Seller 26', 4.72);
INSERT INTO sellers (seller_id, seller_name, rating) VALUES ('sell027', 'Seller 27', 4.02);
INSERT INTO sellers (seller_id, seller_name, rating) VALUES ('sell028', 'Seller 28', 1.94);
INSERT INTO sellers (seller_id, seller_name, rating) VALUES ('sell029', 'Seller 29', 3.74);
INSERT INTO sellers (seller_id, seller_name, rating) VALUES ('sell030', 'Seller 30', 3.42);
INSERT INTO sellers (seller_id, seller_name, rating) VALUES ('sell031', 'Seller 31', 4.63);
INSERT INTO sellers (seller_id, seller_name, rating) VALUES ('sell032', 'Seller 32', 2.18);
INSERT INTO sellers (seller_id, seller_name, rating) VALUES ('sell033', 'Seller 33', 2.22);
INSERT INTO sellers (seller_id, seller_name, rating) VALUES ('sell034', 'Seller 34', 3.17);
INSERT INTO sellers (seller_id, seller_name, rating) VALUES ('sell035', 'Seller 35', 1.91);
INSERT INTO sellers (seller_id, seller_name, rating) VALUES ('sell036', 'Seller 36', 4.63);
INSERT INTO sellers (seller_id, seller_name, rating) VALUES ('sell037', 'Seller 37', 4.16);
INSERT INTO sellers (seller_id, seller_name, rating) VALUES ('sell038', 'Seller 38', 4.08);
INSERT INTO sellers (seller_id, seller_name, rating) VALUES ('sell039', 'Seller 39', 2.59);
INSERT INTO sellers (seller_id, seller_name, rating) VALUES ('sell040', 'Seller 40', 2.8);
INSERT INTO sellers (seller_id, seller_name, rating) VALUES ('sell041', 'Seller 41', 3.61);
INSERT INTO sellers (seller_id, seller_name, rating) VALUES ('sell042', 'Seller 42', 2.0);
INSERT INTO sellers (seller_id, seller_name, rating) VALUES ('sell043', 'Seller 43', 3.06);
INSERT INTO sellers (seller_id, seller_name, rating) VALUES ('sell044', 'Seller 44', 4.87);
INSERT INTO sellers (seller_id, seller_name, rating) VALUES ('sell045', 'Seller 45', 3.77);
INSERT INTO sellers (seller_id, seller_name, rating) VALUES ('sell046', 'Seller 46', 1.39);
INSERT INTO sellers (seller_id, seller_name, rating) VALUES ('sell047', 'Seller 47', 4.24);
INSERT INTO sellers (seller_id, seller_name, rating) VALUES ('sell048', 'Seller 48', 3.49);
INSERT INTO sellers (seller_id, seller_name, rating) VALUES ('sell049', 'Seller 49', 2.42);
INSERT INTO sellers (seller_id, seller_name, rating) VALUES ('sell050', 'Seller 50', 2.68);
INSERT INTO sellers (seller_id, seller_name, rating) VALUES ('sell051', 'Seller 51', 4.96);
INSERT INTO sellers (seller_id, seller_name, rating) VALUES ('sell052', 'Seller 52', 3.46);
INSERT INTO sellers (seller_id, seller_name, rating) VALUES ('sell053', 'Seller 53', 1.93);
INSERT INTO sellers (seller_id, seller_name, rating) VALUES ('sell054', 'Seller 54', 4.88);
INSERT INTO sellers (seller_id, seller_name, rating) VALUES ('sell055', 'Seller 55', 4.54);
INSERT INTO sellers (seller_id, seller_name, rating) VALUES ('sell056', 'Seller 56', 2.87);
INSERT INTO sellers (seller_id, seller_name, rating) VALUES ('sell057', 'Seller 57', 4.33);
INSERT INTO sellers (seller_id, seller_name, rating) VALUES ('sell058', 'Seller 58', 1.98);
INSERT INTO sellers (seller_id, seller_name, rating) VALUES ('sell059', 'Seller 59', 3.42);
INSERT INTO sellers (seller_id, seller_name, rating) VALUES ('sell060', 'Seller 60', 4.22);
INSERT INTO sellers (seller_id, seller_name, rating) VALUES ('sell061', 'Seller 61', 2.88);
INSERT INTO sellers (seller_id, seller_name, rating) VALUES ('sell062', 'Seller 62', 4.05);
INSERT INTO sellers (seller_id, seller_name, rating) VALUES ('sell063', 'Seller 63', 1.36);
INSERT INTO sellers (seller_id, seller_name, rating) VALUES ('sell064', 'Seller 64', 2.62);
INSERT INTO sellers (seller_id, seller_name, rating) VALUES ('sell065', 'Seller 65', 2.41);
INSERT INTO sellers (seller_id, seller_name, rating) VALUES ('sell066', 'Seller 66', 3.26);
INSERT INTO sellers (seller_id, seller_name, rating) VALUES ('sell067', 'Seller 67', 2.3);
INSERT INTO sellers (seller_id, seller_name, rating) VALUES ('sell068', 'Seller 68', 3.33);
INSERT INTO sellers (seller_id, seller_name, rating) VALUES ('sell069', 'Seller 69', 2.3);
INSERT INTO sellers (seller_id, seller_name, rating) VALUES ('sell070', 'Seller 70', 3.81);
INSERT INTO sellers (seller_id, seller_name, rating) VALUES ('sell071', 'Seller 71', 2.86);
INSERT INTO sellers (seller_id, seller_name, rating) VALUES ('sell072', 'Seller 72', 2.3);
INSERT INTO sellers (seller_id, seller_name, rating) VALUES ('sell073', 'Seller 73', 1.69);
INSERT INTO sellers (seller_id, seller_name, rating) VALUES ('sell074', 'Seller 74', 1.53);
INSERT INTO sellers (seller_id, seller_name, rating) VALUES ('sell075', 'Seller 75', 1.33);
INSERT INTO sellers (seller_id, seller_name, rating) VALUES ('sell076', 'Seller 76', 2.48);
INSERT INTO sellers (seller_id, seller_name, rating) VALUES ('sell077', 'Seller 77', 4.82);
INSERT INTO sellers (seller_id, seller_name, rating) VALUES ('sell078', 'Seller 78', 4.81);
INSERT INTO sellers (seller_id, seller_name, rating) VALUES ('sell079', 'Seller 79', 4.78);
INSERT INTO sellers (seller_id, seller_name, rating) VALUES ('sell080', 'Seller 80', 3.62);
INSERT INTO sellers (seller_id, seller_name, rating) VALUES ('sell081', 'Seller 81', 1.34);
INSERT INTO sellers (seller_id, seller_name, rating) VALUES ('sell082', 'Seller 82', 1.97);
INSERT INTO sellers (seller_id, seller_name, rating) VALUES ('sell083', 'Seller 83', 1.89);
INSERT INTO sellers (seller_id, seller_name, rating) VALUES ('sell084', 'Seller 84', 2.64);
INSERT INTO sellers (seller_id, seller_name, rating) VALUES ('sell085', 'Seller 85', 4.71);
INSERT INTO sellers (seller_id, seller_name, rating) VALUES ('sell086', 'Seller 86', 4.75);
INSERT INTO sellers (seller_id, seller_name, rating) VALUES ('sell087', 'Seller 87', 3.03);
INSERT INTO sellers (seller_id, seller_name, rating) VALUES ('sell088', 'Seller 88', 4.74);
INSERT INTO sellers (seller_id, seller_name, rating) VALUES ('sell089', 'Seller 89', 1.26);
INSERT INTO sellers (seller_id, seller_name, rating) VALUES ('sell090', 'Seller 90', 2.2);
INSERT INTO sellers (seller_id, seller_name, rating) VALUES ('sell091', 'Seller 91', 2.87);
INSERT INTO sellers (seller_id, seller_name, rating) VALUES ('sell092', 'Seller 92', 2.94);
INSERT INTO sellers (seller_id, seller_name, rating) VALUES ('sell093', 'Seller 93', 4.4);
INSERT INTO sellers (seller_id, seller_name, rating) VALUES ('sell094', 'Seller 94', 1.03);
INSERT INTO sellers (seller_id, seller_name, rating) VALUES ('sell095', 'Seller 95', 2.7);
INSERT INTO sellers (seller_id, seller_name, rating) VALUES ('sell096', 'Seller 96', 4.67);
INSERT INTO sellers (seller_id, seller_name, rating) VALUES ('sell097', 'Seller 97', 3.29);
INSERT INTO sellers (seller_id, seller_name, rating) VALUES ('sell098', 'Seller 98', 1.21);
INSERT INTO sellers (seller_id, seller_name, rating) VALUES ('sell099', 'Seller 99', 1.51);
INSERT INTO sellers (seller_id, seller_name, rating) VALUES ('sell100', 'Seller 100', 1.34);
INSERT INTO sellers (seller_id, seller_name, rating) VALUES ('sell101', 'Seller 101', 1.26);
INSERT INTO sellers (seller_id, seller_name, rating) VALUES ('sell102', 'Seller 102', 1.97);
INSERT INTO sellers (seller_id, seller_name, rating) VALUES ('sell103', 'Seller 103', 2.1);
INSERT INTO sellers (seller_id, seller_name, rating) VALUES ('sell104', 'Seller 104', 3.1);
INSERT INTO sellers (seller_id, seller_name, rating) VALUES ('sell105', 'Seller 105', 4.42);
INSERT INTO sellers (seller_id, seller_name, rating) VALUES ('sell106', 'Seller 106', 2.37);
INSERT INTO sellers (seller_id, seller_name, rating) VALUES ('sell107', 'Seller 107', 1.43);
INSERT INTO sellers (seller_id, seller_name, rating) VALUES ('sell108', 'Seller 108', 3.32);
INSERT INTO sellers (seller_id, seller_name, rating) VALUES ('sell109', 'Seller 109', 1.54);
INSERT INTO sellers (seller_id, seller_name, rating) VALUES ('sell110', 'Seller 110', 4.5);
INSERT INTO sellers (seller_id, seller_name, rating) VALUES ('sell111', 'Seller 111', 4.41);
INSERT INTO sellers (seller_id, seller_name, rating) VALUES ('sell112', 'Seller 112', 1.8);
INSERT INTO sellers (seller_id, seller_name, rating) VALUES ('sell113', 'Seller 113', 4.68);
INSERT INTO sellers (seller_id, seller_name, rating) VALUES ('sell114', 'Seller 114', 2.57);
INSERT INTO sellers (seller_id, seller_name, rating) VALUES ('sell115', 'Seller 115', 4.01);
INSERT INTO sellers (seller_id, seller_name, rating) VALUES ('sell116', 'Seller 116', 3.45);
INSERT INTO sellers (seller_id, seller_name, rating) VALUES ('sell117', 'Seller 117', 4.9);
INSERT INTO sellers (seller_id, seller_name, rating) VALUES ('sell118', 'Seller 118', 2.67);
INSERT INTO sellers (seller_id, seller_name, rating) VALUES ('sell119', 'Seller 119', 3.04);
INSERT INTO sellers (seller_id, seller_name, rating) VALUES ('sell120', 'Seller 120', 1.82);
INSERT INTO sellers (seller_id, seller_name, rating) VALUES ('sell121', 'Seller 121', 3.72);
INSERT INTO sellers (seller_id, seller_name, rating) VALUES ('sell122', 'Seller 122', 4.52);
INSERT INTO sellers (seller_id, seller_name, rating) VALUES ('sell123', 'Seller 123', 1.64);
INSERT INTO sellers (seller_id, seller_name, rating) VALUES ('sell124', 'Seller 124', 2.68);
INSERT INTO sellers (seller_id, seller_name, rating) VALUES ('sell125', 'Seller 125', 1.55);
INSERT INTO sellers (seller_id, seller_name, rating) VALUES ('sell126', 'Seller 126', 2.48);
INSERT INTO sellers (seller_id, seller_name, rating) VALUES ('sell127', 'Seller 127', 2.91);
INSERT INTO sellers (seller_id, seller_name, rating) VALUES ('sell128', 'Seller 128', 1.25);
INSERT INTO sellers (seller_id, seller_name, rating) VALUES ('sell129', 'Seller 129', 1.24);
INSERT INTO sellers (seller_id, seller_name, rating) VALUES ('sell130', 'Seller 130', 1.76);
INSERT INTO sellers (seller_id, seller_name, rating) VALUES ('sell131', 'Seller 131', 4.55);
INSERT INTO sellers (seller_id, seller_name, rating) VALUES ('sell132', 'Seller 132', 2.07);
INSERT INTO sellers (seller_id, seller_name, rating) VALUES ('sell133', 'Seller 133', 2.23);
INSERT INTO sellers (seller_id, seller_name, rating) VALUES ('sell134', 'Seller 134', 2.2);
INSERT INTO sellers (seller_id, seller_name, rating) VALUES ('sell135', 'Seller 135', 4.53);
INSERT INTO sellers (seller_id, seller_name, rating) VALUES ('sell136', 'Seller 136', 2.74);
INSERT INTO sellers (seller_id, seller_name, rating) VALUES ('sell137', 'Seller 137', 4.8);
INSERT INTO sellers (seller_id, seller_name, rating) VALUES ('sell138', 'Seller 138', 4.52);
INSERT INTO sellers (seller_id, seller_name, rating) VALUES ('sell139', 'Seller 139', 1.73);
INSERT INTO sellers (seller_id, seller_name, rating) VALUES ('sell140', 'Seller 140', 3.33);
INSERT INTO sellers (seller_id, seller_name, rating) VALUES ('sell141', 'Seller 141', 3.73);
INSERT INTO sellers (seller_id, seller_name, rating) VALUES ('sell142', 'Seller 142', 2.64);
INSERT INTO sellers (seller_id, seller_name, rating) VALUES ('sell143', 'Seller 143', 2.07);
INSERT INTO sellers (seller_id, seller_name, rating) VALUES ('sell144', 'Seller 144', 2.05);
INSERT INTO sellers (seller_id, seller_name, rating) VALUES ('sell145', 'Seller 145', 3.96);
INSERT INTO sellers (seller_id, seller_name, rating) VALUES ('sell146', 'Seller 146', 1.44);
INSERT INTO sellers (seller_id, seller_name, rating) VALUES ('sell147', 'Seller 147', 2.68);
INSERT INTO sellers (seller_id, seller_name, rating) VALUES ('sell148', 'Seller 148', 1.41);
INSERT INTO sellers (seller_id, seller_name, rating) VALUES ('sell149', 'Seller 149', 4.12);
INSERT INTO sellers (seller_id, seller_name, rating) VALUES ('sell150', 'Seller 150', 4.81);
INSERT INTO sellers (seller_id, seller_name, rating) VALUES ('sell151', 'Seller 151', 2.7);
INSERT INTO sellers (seller_id, seller_name, rating) VALUES ('sell152', 'Seller 152', 2.04);
INSERT INTO sellers (seller_id, seller_name, rating) VALUES ('sell153', 'Seller 153', 1.82);
INSERT INTO sellers (seller_id, seller_name, rating) VALUES ('sell154', 'Seller 154', 2.79);
INSERT INTO sellers (seller_id, seller_name, rating) VALUES ('sell155', 'Seller 155', 4.02);
INSERT INTO sellers (seller_id, seller_name, rating) VALUES ('sell156', 'Seller 156', 4.5);
INSERT INTO sellers (seller_id, seller_name, rating) VALUES ('sell157', 'Seller 157', 1.45);
INSERT INTO sellers (seller_id, seller_name, rating) VALUES ('sell158', 'Seller 158', 3.72);
INSERT INTO sellers (seller_id, seller_name, rating) VALUES ('sell159', 'Seller 159', 2.94);
INSERT INTO sellers (seller_id, seller_name, rating) VALUES ('sell160', 'Seller 160', 3.73);
INSERT INTO sellers (seller_id, seller_name, rating) VALUES ('sell161', 'Seller 161', 4.49);
INSERT INTO sellers (seller_id, seller_name, rating) VALUES ('sell162', 'Seller 162', 3.1);
INSERT INTO sellers (seller_id, seller_name, rating) VALUES ('sell163', 'Seller 163', 3.11);
INSERT INTO sellers (seller_id, seller_name, rating) VALUES ('sell164', 'Seller 164', 1.45);
INSERT INTO sellers (seller_id, seller_name, rating) VALUES ('sell165', 'Seller 165', 4.54);
INSERT INTO sellers (seller_id, seller_name, rating) VALUES ('sell166', 'Seller 166', 2.25);
INSERT INTO sellers (seller_id, seller_name, rating) VALUES ('sell167', 'Seller 167', 3.75);
INSERT INTO sellers (seller_id, seller_name, rating) VALUES ('sell168', 'Seller 168', 3.09);
INSERT INTO sellers (seller_id, seller_name, rating) VALUES ('sell169', 'Seller 169', 2.33);
INSERT INTO sellers (seller_id, seller_name, rating) VALUES ('sell170', 'Seller 170', 2.23);
INSERT INTO sellers (seller_id, seller_name, rating) VALUES ('sell171', 'Seller 171', 3.07);
INSERT INTO sellers (seller_id, seller_name, rating) VALUES ('sell172', 'Seller 172', 3.76);
INSERT INTO sellers (seller_id, seller_name, rating) VALUES ('sell173', 'Seller 173', 3.02);
INSERT INTO sellers (seller_id, seller_name, rating) VALUES ('sell174', 'Seller 174', 4.91);
INSERT INTO sellers (seller_id, seller_name, rating) VALUES ('sell175', 'Seller 175', 2.82);
INSERT INTO sellers (seller_id, seller_name, rating) VALUES ('sell176', 'Seller 176', 3.4);
INSERT INTO sellers (seller_id, seller_name, rating) VALUES ('sell177', 'Seller 177', 2.09);
INSERT INTO sellers (seller_id, seller_name, rating) VALUES ('sell178', 'Seller 178', 2.91);
INSERT INTO sellers (seller_id, seller_name, rating) VALUES ('sell179', 'Seller 179', 2.95);
INSERT INTO sellers (seller_id, seller_name, rating) VALUES ('sell180', 'Seller 180', 3.28);
INSERT INTO sellers (seller_id, seller_name, rating) VALUES ('sell181', 'Seller 181', 4.78);
INSERT INTO sellers (seller_id, seller_name, rating) VALUES ('sell182', 'Seller 182', 1.91);
INSERT INTO sellers (seller_id, seller_name, rating) VALUES ('sell183', 'Seller 183', 1.4);
INSERT INTO sellers (seller_id, seller_name, rating) VALUES ('sell184', 'Seller 184', 1.85);
INSERT INTO sellers (seller_id, seller_name, rating) VALUES ('sell185', 'Seller 185', 4.66);
INSERT INTO sellers (seller_id, seller_name, rating) VALUES ('sell186', 'Seller 186', 1.45);
INSERT INTO sellers (seller_id, seller_name, rating) VALUES ('sell187', 'Seller 187', 2.3);
INSERT INTO sellers (seller_id, seller_name, rating) VALUES ('sell188', 'Seller 188', 4.02);
INSERT INTO sellers (seller_id, seller_name, rating) VALUES ('sell189', 'Seller 189', 4.68);
INSERT INTO sellers (seller_id, seller_name, rating) VALUES ('sell190', 'Seller 190', 4.48);
INSERT INTO sellers (seller_id, seller_name, rating) VALUES ('sell191', 'Seller 191', 1.49);
INSERT INTO sellers (seller_id, seller_name, rating) VALUES ('sell192', 'Seller 192', 1.79);
INSERT INTO sellers (seller_id, seller_name, rating) VALUES ('sell193', 'Seller 193', 1.05);
INSERT INTO sellers (seller_id, seller_name, rating) VALUES ('sell194', 'Seller 194', 2.25);
INSERT INTO sellers (seller_id, seller_name, rating) VALUES ('sell195', 'Seller 195', 4.62);
INSERT INTO sellers (seller_id, seller_name, rating) VALUES ('sell196', 'Seller 196', 4.95);
INSERT INTO sellers (seller_id, seller_name, rating) VALUES ('sell197', 'Seller 197', 2.92);
INSERT INTO sellers (seller_id, seller_name, rating) VALUES ('sell198', 'Seller 198', 3.59);
INSERT INTO sellers (seller_id, seller_name, rating) VALUES ('sell199', 'Seller 199', 4.43);
INSERT INTO sellers (seller_id, seller_name, rating) VALUES ('sell200', 'Seller 200', 4.21);
INSERT INTO products (product_id, product_name, category, stock_quantity) VALUES ('prod001', 'Product 1', 'Category1', 400);
INSERT INTO products (product_id, product_name, category, stock_quantity) VALUES ('prod002', 'Product 2', 'Category2', 305);
INSERT INTO products (product_id, product_name, category, stock_quantity) VALUES ('prod003', 'Product 3', 'Category3', 64);
INSERT INTO products (product_id, product_name, category, stock_quantity) VALUES ('prod004', 'Product 4', 'Category4', 352);
INSERT INTO products (product_id, product_name, category, stock_quantity) VALUES ('prod005', 'Product 5', 'Category0', 468);
INSERT INTO products (product_id, product_name, category, stock_quantity) VALUES ('prod006', 'Product 6', 'Category1', 389);
INSERT INTO products (product_id, product_name, category, stock_quantity) VALUES ('prod007', 'Product 7', 'Category2', 344);
INSERT INTO products (product_id, product_name, category, stock_quantity) VALUES ('prod008', 'Product 8', 'Category3', 309);
INSERT INTO products (product_id, product_name, category, stock_quantity) VALUES ('prod009', 'Product 9', 'Category4', 229);
INSERT INTO products (product_id, product_name, category, stock_quantity) VALUES ('prod010', 'Product 10', 'Category0', 172);
INSERT INTO products (product_id, product_name, category, stock_quantity) VALUES ('prod011', 'Product 11', 'Category1', 342);
INSERT INTO products (product_id, product_name, category, stock_quantity) VALUES ('prod012', 'Product 12', 'Category2', 178);
INSERT INTO products (product_id, product_name, category, stock_quantity) VALUES ('prod013', 'Product 13', 'Category3', 314);
INSERT INTO products (product_id, product_name, category, stock_quantity) VALUES ('prod014', 'Product 14', 'Category4', 18);
INSERT INTO products (product_id, product_name, category, stock_quantity) VALUES ('prod015', 'Product 15', 'Category0', 480);
INSERT INTO products (product_id, product_name, category, stock_quantity) VALUES ('prod016', 'Product 16', 'Category1', 41);
INSERT INTO products (product_id, product_name, category, stock_quantity) VALUES ('prod017', 'Product 17', 'Category2', 140);
INSERT INTO products (product_id, product_name, category, stock_quantity) VALUES ('prod018', 'Product 18', 'Category3', 90);
INSERT INTO products (product_id, product_name, category, stock_quantity) VALUES ('prod019', 'Product 19', 'Category4', 493);
INSERT INTO products (product_id, product_name, category, stock_quantity) VALUES ('prod020', 'Product 20', 'Category0', 311);
INSERT INTO products (product_id, product_name, category, stock_quantity) VALUES ('prod021', 'Product 21', 'Category1', 101);
INSERT INTO products (product_id, product_name, category, stock_quantity) VALUES ('prod022', 'Product 22', 'Category2', 318);
INSERT INTO products (product_id, product_name, category, stock_quantity) VALUES ('prod023', 'Product 23', 'Category3', 12);
INSERT INTO products (product_id, product_name, category, stock_quantity) VALUES ('prod024', 'Product 24', 'Category4', 375);
INSERT INTO products (product_id, product_name, category, stock_quantity) VALUES ('prod025', 'Product 25', 'Category0', 374);
INSERT INTO products (product_id, product_name, category, stock_quantity) VALUES ('prod026', 'Product 26', 'Category1', 290);
INSERT INTO products (product_id, product_name, category, stock_quantity) VALUES ('prod027', 'Product 27', 'Category2', 398);
INSERT INTO products (product_id, product_name, category, stock_quantity) VALUES ('prod028', 'Product 28', 'Category3', 194);
INSERT INTO products (product_id, product_name, category, stock_quantity) VALUES ('prod029', 'Product 29', 'Category4', 50);
INSERT INTO products (product_id, product_name, category, stock_quantity) VALUES ('prod030', 'Product 30', 'Category0', 248);
INSERT INTO products (product_id, product_name, category, stock_quantity) VALUES ('prod031', 'Product 31', 'Category1', 333);
INSERT INTO products (product_id, product_name, category, stock_quantity) VALUES ('prod032', 'Product 32', 'Category2', 221);
INSERT INTO products (product_id, product_name, category, stock_quantity) VALUES ('prod033', 'Product 33', 'Category3', 305);
INSERT INTO products (product_id, product_name, category, stock_quantity) VALUES ('prod034', 'Product 34', 'Category4', 308);
INSERT INTO products (product_id, product_name, category, stock_quantity) VALUES ('prod035', 'Product 35', 'Category0', 498);
INSERT INTO products (product_id, product_name, category, stock_quantity) VALUES ('prod036', 'Product 36', 'Category1', 77);
INSERT INTO products (product_id, product_name, category, stock_quantity) VALUES ('prod037', 'Product 37', 'Category2', 76);
INSERT INTO products (product_id, product_name, category, stock_quantity) VALUES ('prod038', 'Product 38', 'Category3', 474);
INSERT INTO products (product_id, product_name, category, stock_quantity) VALUES ('prod039', 'Product 39', 'Category4', 336);
INSERT INTO products (product_id, product_name, category, stock_quantity) VALUES ('prod040', 'Product 40', 'Category0', 142);
INSERT INTO products (product_id, product_name, category, stock_quantity) VALUES ('prod041', 'Product 41', 'Category1', 51);
INSERT INTO products (product_id, product_name, category, stock_quantity) VALUES ('prod042', 'Product 42', 'Category2', 187);
INSERT INTO products (product_id, product_name, category, stock_quantity) VALUES ('prod043', 'Product 43', 'Category3', 157);
INSERT INTO products (product_id, product_name, category, stock_quantity) VALUES ('prod044', 'Product 44', 'Category4', 146);
INSERT INTO products (product_id, product_name, category, stock_quantity) VALUES ('prod045', 'Product 45', 'Category0', 118);
INSERT INTO products (product_id, product_name, category, stock_quantity) VALUES ('prod046', 'Product 46', 'Category1', 26);
INSERT INTO products (product_id, product_name, category, stock_quantity) VALUES ('prod047', 'Product 47', 'Category2', 78);
INSERT INTO products (product_id, product_name, category, stock_quantity) VALUES ('prod048', 'Product 48', 'Category3', 154);
INSERT INTO products (product_id, product_name, category, stock_quantity) VALUES ('prod049', 'Product 49', 'Category4', 47);
INSERT INTO products (product_id, product_name, category, stock_quantity) VALUES ('prod050', 'Product 50', 'Category0', 90);
INSERT INTO products (product_id, product_name, category, stock_quantity) VALUES ('prod051', 'Product 51', 'Category1', 149);
INSERT INTO products (product_id, product_name, category, stock_quantity) VALUES ('prod052', 'Product 52', 'Category2', 309);
INSERT INTO products (product_id, product_name, category, stock_quantity) VALUES ('prod053', 'Product 53', 'Category3', 389);
INSERT INTO products (product_id, product_name, category, stock_quantity) VALUES ('prod054', 'Product 54', 'Category4', 157);
INSERT INTO products (product_id, product_name, category, stock_quantity) VALUES ('prod055', 'Product 55', 'Category0', 30);
INSERT INTO products (product_id, product_name, category, stock_quantity) VALUES ('prod056', 'Product 56', 'Category1', 67);
INSERT INTO products (product_id, product_name, category, stock_quantity) VALUES ('prod057', 'Product 57', 'Category2', 132);
INSERT INTO products (product_id, product_name, category, stock_quantity) VALUES ('prod058', 'Product 58', 'Category3', 175);
INSERT INTO products (product_id, product_name, category, stock_quantity) VALUES ('prod059', 'Product 59', 'Category4', 192);
INSERT INTO products (product_id, product_name, category, stock_quantity) VALUES ('prod060', 'Product 60', 'Category0', 290);
INSERT INTO products (product_id, product_name, category, stock_quantity) VALUES ('prod061', 'Product 61', 'Category1', 177);
INSERT INTO products (product_id, product_name, category, stock_quantity) VALUES ('prod062', 'Product 62', 'Category2', 439);
INSERT INTO products (product_id, product_name, category, stock_quantity) VALUES ('prod063', 'Product 63', 'Category3', 304);
INSERT INTO products (product_id, product_name, category, stock_quantity) VALUES ('prod064', 'Product 64', 'Category4', 376);
INSERT INTO products (product_id, product_name, category, stock_quantity) VALUES ('prod065', 'Product 65', 'Category0', 206);
INSERT INTO products (product_id, product_name, category, stock_quantity) VALUES ('prod066', 'Product 66', 'Category1', 381);
INSERT INTO products (product_id, product_name, category, stock_quantity) VALUES ('prod067', 'Product 67', 'Category2', 150);
INSERT INTO products (product_id, product_name, category, stock_quantity) VALUES ('prod068', 'Product 68', 'Category3', 348);
INSERT INTO products (product_id, product_name, category, stock_quantity) VALUES ('prod069', 'Product 69', 'Category4', 59);
INSERT INTO products (product_id, product_name, category, stock_quantity) VALUES ('prod070', 'Product 70', 'Category0', 309);
INSERT INTO products (product_id, product_name, category, stock_quantity) VALUES ('prod071', 'Product 71', 'Category1', 115);
INSERT INTO products (product_id, product_name, category, stock_quantity) VALUES ('prod072', 'Product 72', 'Category2', 180);
INSERT INTO products (product_id, product_name, category, stock_quantity) VALUES ('prod073', 'Product 73', 'Category3', 322);
INSERT INTO products (product_id, product_name, category, stock_quantity) VALUES ('prod074', 'Product 74', 'Category4', 337);
INSERT INTO products (product_id, product_name, category, stock_quantity) VALUES ('prod075', 'Product 75', 'Category0', 425);
INSERT INTO products (product_id, product_name, category, stock_quantity) VALUES ('prod076', 'Product 76', 'Category1', 461);
INSERT INTO products (product_id, product_name, category, stock_quantity) VALUES ('prod077', 'Product 77', 'Category2', 306);
INSERT INTO products (product_id, product_name, category, stock_quantity) VALUES ('prod078', 'Product 78', 'Category3', 411);
INSERT INTO products (product_id, product_name, category, stock_quantity) VALUES ('prod079', 'Product 79', 'Category4', 81);
INSERT INTO products (product_id, product_name, category, stock_quantity) VALUES ('prod080', 'Product 80', 'Category0', 15);
INSERT INTO products (product_id, product_name, category, stock_quantity) VALUES ('prod081', 'Product 81', 'Category1', 62);
INSERT INTO products (product_id, product_name, category, stock_quantity) VALUES ('prod082', 'Product 82', 'Category2', 247);
INSERT INTO products (product_id, product_name, category, stock_quantity) VALUES ('prod083', 'Product 83', 'Category3', 406);
INSERT INTO products (product_id, product_name, category, stock_quantity) VALUES ('prod084', 'Product 84', 'Category4', 436);
INSERT INTO products (product_id, product_name, category, stock_quantity) VALUES ('prod085', 'Product 85', 'Category0', 355);
INSERT INTO products (product_id, product_name, category, stock_quantity) VALUES ('prod086', 'Product 86', 'Category1', 289);
INSERT INTO products (product_id, product_name, category, stock_quantity) VALUES ('prod087', 'Product 87', 'Category2', 311);
INSERT INTO products (product_id, product_name, category, stock_quantity) VALUES ('prod088', 'Product 88', 'Category3', 387);
INSERT INTO products (product_id, product_name, category, stock_quantity) VALUES ('prod089', 'Product 89', 'Category4', 68);
INSERT INTO products (product_id, product_name, category, stock_quantity) VALUES ('prod090', 'Product 90', 'Category0', 39);
INSERT INTO products (product_id, product_name, category, stock_quantity) VALUES ('prod091', 'Product 91', 'Category1', 103);
INSERT INTO products (product_id, product_name, category, stock_quantity) VALUES ('prod092', 'Product 92', 'Category2', 425);
INSERT INTO products (product_id, product_name, category, stock_quantity) VALUES ('prod093', 'Product 93', 'Category3', 264);
INSERT INTO products (product_id, product_name, category, stock_quantity) VALUES ('prod094', 'Product 94', 'Category4', 303);
INSERT INTO products (product_id, product_name, category, stock_quantity) VALUES ('prod095', 'Product 95', 'Category0', 95);
INSERT INTO products (product_id, product_name, category, stock_quantity) VALUES ('prod096', 'Product 96', 'Category1', 398);
INSERT INTO products (product_id, product_name, category, stock_quantity) VALUES ('prod097', 'Product 97', 'Category2', 180);
INSERT INTO products (product_id, product_name, category, stock_quantity) VALUES ('prod098', 'Product 98', 'Category3', 31);
INSERT INTO products (product_id, product_name, category, stock_quantity) VALUES ('prod099', 'Product 99', 'Category4', 166);
INSERT INTO products (product_id, product_name, category, stock_quantity) VALUES ('prod100', 'Product 100', 'Category0', 102);
INSERT INTO products (product_id, product_name, category, stock_quantity) VALUES ('prod101', 'Product 101', 'Category1', 93);
INSERT INTO products (product_id, product_name, category, stock_quantity) VALUES ('prod102', 'Product 102', 'Category2', 489);
INSERT INTO products (product_id, product_name, category, stock_quantity) VALUES ('prod103', 'Product 103', 'Category3', 135);
INSERT INTO products (product_id, product_name, category, stock_quantity) VALUES ('prod104', 'Product 104', 'Category4', 134);
INSERT INTO products (product_id, product_name, category, stock_quantity) VALUES ('prod105', 'Product 105', 'Category0', 312);
INSERT INTO products (product_id, product_name, category, stock_quantity) VALUES ('prod106', 'Product 106', 'Category1', 370);
INSERT INTO products (product_id, product_name, category, stock_quantity) VALUES ('prod107', 'Product 107', 'Category2', 34);
INSERT INTO products (product_id, product_name, category, stock_quantity) VALUES ('prod108', 'Product 108', 'Category3', 215);
INSERT INTO products (product_id, product_name, category, stock_quantity) VALUES ('prod109', 'Product 109', 'Category4', 261);
INSERT INTO products (product_id, product_name, category, stock_quantity) VALUES ('prod110', 'Product 110', 'Category0', 246);
INSERT INTO products (product_id, product_name, category, stock_quantity) VALUES ('prod111', 'Product 111', 'Category1', 226);
INSERT INTO products (product_id, product_name, category, stock_quantity) VALUES ('prod112', 'Product 112', 'Category2', 86);
INSERT INTO products (product_id, product_name, category, stock_quantity) VALUES ('prod113', 'Product 113', 'Category3', 256);
INSERT INTO products (product_id, product_name, category, stock_quantity) VALUES ('prod114', 'Product 114', 'Category4', 462);
INSERT INTO products (product_id, product_name, category, stock_quantity) VALUES ('prod115', 'Product 115', 'Category0', 98);
INSERT INTO products (product_id, product_name, category, stock_quantity) VALUES ('prod116', 'Product 116', 'Category1', 26);
INSERT INTO products (product_id, product_name, category, stock_quantity) VALUES ('prod117', 'Product 117', 'Category2', 106);
INSERT INTO products (product_id, product_name, category, stock_quantity) VALUES ('prod118', 'Product 118', 'Category3', 151);
INSERT INTO products (product_id, product_name, category, stock_quantity) VALUES ('prod119', 'Product 119', 'Category4', 155);
INSERT INTO products (product_id, product_name, category, stock_quantity) VALUES ('prod120', 'Product 120', 'Category0', 164);
INSERT INTO products (product_id, product_name, category, stock_quantity) VALUES ('prod121', 'Product 121', 'Category1', 152);
INSERT INTO products (product_id, product_name, category, stock_quantity) VALUES ('prod122', 'Product 122', 'Category2', 297);
INSERT INTO products (product_id, product_name, category, stock_quantity) VALUES ('prod123', 'Product 123', 'Category3', 20);
INSERT INTO products (product_id, product_name, category, stock_quantity) VALUES ('prod124', 'Product 124', 'Category4', 340);
INSERT INTO products (product_id, product_name, category, stock_quantity) VALUES ('prod125', 'Product 125', 'Category0', 423);
INSERT INTO products (product_id, product_name, category, stock_quantity) VALUES ('prod126', 'Product 126', 'Category1', 459);
INSERT INTO products (product_id, product_name, category, stock_quantity) VALUES ('prod127', 'Product 127', 'Category2', 10);
INSERT INTO products (product_id, product_name, category, stock_quantity) VALUES ('prod128', 'Product 128', 'Category3', 265);
INSERT INTO products (product_id, product_name, category, stock_quantity) VALUES ('prod129', 'Product 129', 'Category4', 308);
INSERT INTO products (product_id, product_name, category, stock_quantity) VALUES ('prod130', 'Product 130', 'Category0', 421);
INSERT INTO products (product_id, product_name, category, stock_quantity) VALUES ('prod131', 'Product 131', 'Category1', 33);
INSERT INTO products (product_id, product_name, category, stock_quantity) VALUES ('prod132', 'Product 132', 'Category2', 62);
INSERT INTO products (product_id, product_name, category, stock_quantity) VALUES ('prod133', 'Product 133', 'Category3', 215);
INSERT INTO products (product_id, product_name, category, stock_quantity) VALUES ('prod134', 'Product 134', 'Category4', 411);
INSERT INTO products (product_id, product_name, category, stock_quantity) VALUES ('prod135', 'Product 135', 'Category0', 134);
INSERT INTO products (product_id, product_name, category, stock_quantity) VALUES ('prod136', 'Product 136', 'Category1', 149);
INSERT INTO products (product_id, product_name, category, stock_quantity) VALUES ('prod137', 'Product 137', 'Category2', 37);
INSERT INTO products (product_id, product_name, category, stock_quantity) VALUES ('prod138', 'Product 138', 'Category3', 490);
INSERT INTO products (product_id, product_name, category, stock_quantity) VALUES ('prod139', 'Product 139', 'Category4', 273);
INSERT INTO products (product_id, product_name, category, stock_quantity) VALUES ('prod140', 'Product 140', 'Category0', 365);
INSERT INTO products (product_id, product_name, category, stock_quantity) VALUES ('prod141', 'Product 141', 'Category1', 69);
INSERT INTO products (product_id, product_name, category, stock_quantity) VALUES ('prod142', 'Product 142', 'Category2', 331);
INSERT INTO products (product_id, product_name, category, stock_quantity) VALUES ('prod143', 'Product 143', 'Category3', 473);
INSERT INTO products (product_id, product_name, category, stock_quantity) VALUES ('prod144', 'Product 144', 'Category4', 385);
INSERT INTO products (product_id, product_name, category, stock_quantity) VALUES ('prod145', 'Product 145', 'Category0', 344);
INSERT INTO products (product_id, product_name, category, stock_quantity) VALUES ('prod146', 'Product 146', 'Category1', 333);
INSERT INTO products (product_id, product_name, category, stock_quantity) VALUES ('prod147', 'Product 147', 'Category2', 113);
INSERT INTO products (product_id, product_name, category, stock_quantity) VALUES ('prod148', 'Product 148', 'Category3', 451);
INSERT INTO products (product_id, product_name, category, stock_quantity) VALUES ('prod149', 'Product 149', 'Category4', 251);
INSERT INTO products (product_id, product_name, category, stock_quantity) VALUES ('prod150', 'Product 150', 'Category0', 196);
INSERT INTO products (product_id, product_name, category, stock_quantity) VALUES ('prod151', 'Product 151', 'Category1', 496);
INSERT INTO products (product_id, product_name, category, stock_quantity) VALUES ('prod152', 'Product 152', 'Category2', 497);
INSERT INTO products (product_id, product_name, category, stock_quantity) VALUES ('prod153', 'Product 153', 'Category3', 280);
INSERT INTO products (product_id, product_name, category, stock_quantity) VALUES ('prod154', 'Product 154', 'Category4', 212);
INSERT INTO products (product_id, product_name, category, stock_quantity) VALUES ('prod155', 'Product 155', 'Category0', 89);
INSERT INTO products (product_id, product_name, category, stock_quantity) VALUES ('prod156', 'Product 156', 'Category1', 253);
INSERT INTO products (product_id, product_name, category, stock_quantity) VALUES ('prod157', 'Product 157', 'Category2', 371);
INSERT INTO products (product_id, product_name, category, stock_quantity) VALUES ('prod158', 'Product 158', 'Category3', 197);
INSERT INTO products (product_id, product_name, category, stock_quantity) VALUES ('prod159', 'Product 159', 'Category4', 298);
INSERT INTO products (product_id, product_name, category, stock_quantity) VALUES ('prod160', 'Product 160', 'Category0', 315);
INSERT INTO products (product_id, product_name, category, stock_quantity) VALUES ('prod161', 'Product 161', 'Category1', 467);
INSERT INTO products (product_id, product_name, category, stock_quantity) VALUES ('prod162', 'Product 162', 'Category2', 208);
INSERT INTO products (product_id, product_name, category, stock_quantity) VALUES ('prod163', 'Product 163', 'Category3', 207);
INSERT INTO products (product_id, product_name, category, stock_quantity) VALUES ('prod164', 'Product 164', 'Category4', 36);
INSERT INTO products (product_id, product_name, category, stock_quantity) VALUES ('prod165', 'Product 165', 'Category0', 405);
INSERT INTO products (product_id, product_name, category, stock_quantity) VALUES ('prod166', 'Product 166', 'Category1', 313);
INSERT INTO products (product_id, product_name, category, stock_quantity) VALUES ('prod167', 'Product 167', 'Category2', 470);
INSERT INTO products (product_id, product_name, category, stock_quantity) VALUES ('prod168', 'Product 168', 'Category3', 31);
INSERT INTO products (product_id, product_name, category, stock_quantity) VALUES ('prod169', 'Product 169', 'Category4', 20);
INSERT INTO products (product_id, product_name, category, stock_quantity) VALUES ('prod170', 'Product 170', 'Category0', 16);
INSERT INTO products (product_id, product_name, category, stock_quantity) VALUES ('prod171', 'Product 171', 'Category1', 372);
INSERT INTO products (product_id, product_name, category, stock_quantity) VALUES ('prod172', 'Product 172', 'Category2', 77);
INSERT INTO products (product_id, product_name, category, stock_quantity) VALUES ('prod173', 'Product 173', 'Category3', 131);
INSERT INTO products (product_id, product_name, category, stock_quantity) VALUES ('prod174', 'Product 174', 'Category4', 102);
INSERT INTO products (product_id, product_name, category, stock_quantity) VALUES ('prod175', 'Product 175', 'Category0', 177);
INSERT INTO products (product_id, product_name, category, stock_quantity) VALUES ('prod176', 'Product 176', 'Category1', 403);
INSERT INTO products (product_id, product_name, category, stock_quantity) VALUES ('prod177', 'Product 177', 'Category2', 463);
INSERT INTO products (product_id, product_name, category, stock_quantity) VALUES ('prod178', 'Product 178', 'Category3', 463);
INSERT INTO products (product_id, product_name, category, stock_quantity) VALUES ('prod179', 'Product 179', 'Category4', 445);
INSERT INTO products (product_id, product_name, category, stock_quantity) VALUES ('prod180', 'Product 180', 'Category0', 366);
INSERT INTO products (product_id, product_name, category, stock_quantity) VALUES ('prod181', 'Product 181', 'Category1', 498);
INSERT INTO products (product_id, product_name, category, stock_quantity) VALUES ('prod182', 'Product 182', 'Category2', 425);
INSERT INTO products (product_id, product_name, category, stock_quantity) VALUES ('prod183', 'Product 183', 'Category3', 89);
INSERT INTO products (product_id, product_name, category, stock_quantity) VALUES ('prod184', 'Product 184', 'Category4', 230);
INSERT INTO products (product_id, product_name, category, stock_quantity) VALUES ('prod185', 'Product 185', 'Category0', 172);
INSERT INTO products (product_id, product_name, category, stock_quantity) VALUES ('prod186', 'Product 186', 'Category1', 355);
INSERT INTO products (product_id, product_name, category, stock_quantity) VALUES ('prod187', 'Product 187', 'Category2', 63);
INSERT INTO products (product_id, product_name, category, stock_quantity) VALUES ('prod188', 'Product 188', 'Category3', 178);
INSERT INTO products (product_id, product_name, category, stock_quantity) VALUES ('prod189', 'Product 189', 'Category4', 252);
INSERT INTO products (product_id, product_name, category, stock_quantity) VALUES ('prod190', 'Product 190', 'Category0', 296);
INSERT INTO products (product_id, product_name, category, stock_quantity) VALUES ('prod191', 'Product 191', 'Category1', 112);
INSERT INTO products (product_id, product_name, category, stock_quantity) VALUES ('prod192', 'Product 192', 'Category2', 39);
INSERT INTO products (product_id, product_name, category, stock_quantity) VALUES ('prod193', 'Product 193', 'Category3', 52);
INSERT INTO products (product_id, product_name, category, stock_quantity) VALUES ('prod194', 'Product 194', 'Category4', 397);
INSERT INTO products (product_id, product_name, category, stock_quantity) VALUES ('prod195', 'Product 195', 'Category0', 347);
INSERT INTO products (product_id, product_name, category, stock_quantity) VALUES ('prod196', 'Product 196', 'Category1', 317);
INSERT INTO products (product_id, product_name, category, stock_quantity) VALUES ('prod197', 'Product 197', 'Category2', 375);
INSERT INTO products (product_id, product_name, category, stock_quantity) VALUES ('prod198', 'Product 198', 'Category3', 138);
INSERT INTO products (product_id, product_name, category, stock_quantity) VALUES ('prod199', 'Product 199', 'Category4', 476);
INSERT INTO products (product_id, product_name, category, stock_quantity) VALUES ('prod200', 'Product 200', 'Category0', 62);
INSERT INTO orders (order_id, order_date, customer_id) VALUES ('ord001', '2024-01-02', 'cust002');
INSERT INTO orders (order_id, order_date, customer_id) VALUES ('ord002', '2024-01-03', 'cust003');
INSERT INTO orders (order_id, order_date, customer_id) VALUES ('ord003', '2024-01-04', 'cust004');
INSERT INTO orders (order_id, order_date, customer_id) VALUES ('ord004', '2024-01-05', 'cust005');
INSERT INTO orders (order_id, order_date, customer_id) VALUES ('ord005', '2024-01-06', 'cust006');
INSERT INTO orders (order_id, order_date, customer_id) VALUES ('ord006', '2024-01-07', 'cust007');
INSERT INTO orders (order_id, order_date, customer_id) VALUES ('ord007', '2024-01-08', 'cust008');
INSERT INTO orders (order_id, order_date, customer_id) VALUES ('ord008', '2024-01-09', 'cust009');
INSERT INTO orders (order_id, order_date, customer_id) VALUES ('ord009', '2024-01-10', 'cust010');
INSERT INTO orders (order_id, order_date, customer_id) VALUES ('ord010', '2024-01-11', 'cust011');
INSERT INTO orders (order_id, order_date, customer_id) VALUES ('ord011', '2024-01-12', 'cust012');
INSERT INTO orders (order_id, order_date, customer_id) VALUES ('ord012', '2024-01-13', 'cust013');
INSERT INTO orders (order_id, order_date, customer_id) VALUES ('ord013', '2024-01-14', 'cust014');
INSERT INTO orders (order_id, order_date, customer_id) VALUES ('ord014', '2024-01-15', 'cust015');
INSERT INTO orders (order_id, order_date, customer_id) VALUES ('ord015', '2024-01-16', 'cust016');
INSERT INTO orders (order_id, order_date, customer_id) VALUES ('ord016', '2024-01-17', 'cust017');
INSERT INTO orders (order_id, order_date, customer_id) VALUES ('ord017', '2024-01-18', 'cust018');
INSERT INTO orders (order_id, order_date, customer_id) VALUES ('ord018', '2024-01-19', 'cust019');
INSERT INTO orders (order_id, order_date, customer_id) VALUES ('ord019', '2024-01-20', 'cust020');
INSERT INTO orders (order_id, order_date, customer_id) VALUES ('ord020', '2024-01-21', 'cust021');
INSERT INTO orders (order_id, order_date, customer_id) VALUES ('ord021', '2024-01-22', 'cust022');
INSERT INTO orders (order_id, order_date, customer_id) VALUES ('ord022', '2024-01-23', 'cust023');
INSERT INTO orders (order_id, order_date, customer_id) VALUES ('ord023', '2024-01-24', 'cust024');
INSERT INTO orders (order_id, order_date, customer_id) VALUES ('ord024', '2024-01-25', 'cust025');
INSERT INTO orders (order_id, order_date, customer_id) VALUES ('ord025', '2024-01-26', 'cust026');
INSERT INTO orders (order_id, order_date, customer_id) VALUES ('ord026', '2024-01-27', 'cust027');
INSERT INTO orders (order_id, order_date, customer_id) VALUES ('ord027', '2024-01-28', 'cust028');
INSERT INTO orders (order_id, order_date, customer_id) VALUES ('ord028', '2024-01-01', 'cust029');
INSERT INTO orders (order_id, order_date, customer_id) VALUES ('ord029', '2024-01-02', 'cust030');
INSERT INTO orders (order_id, order_date, customer_id) VALUES ('ord030', '2024-01-03', 'cust031');
INSERT INTO orders (order_id, order_date, customer_id) VALUES ('ord031', '2024-01-04', 'cust032');
INSERT INTO orders (order_id, order_date, customer_id) VALUES ('ord032', '2024-01-05', 'cust033');
INSERT INTO orders (order_id, order_date, customer_id) VALUES ('ord033', '2024-01-06', 'cust034');
INSERT INTO orders (order_id, order_date, customer_id) VALUES ('ord034', '2024-01-07', 'cust035');
INSERT INTO orders (order_id, order_date, customer_id) VALUES ('ord035', '2024-01-08', 'cust036');
INSERT INTO orders (order_id, order_date, customer_id) VALUES ('ord036', '2024-01-09', 'cust037');
INSERT INTO orders (order_id, order_date, customer_id) VALUES ('ord037', '2024-01-10', 'cust038');
INSERT INTO orders (order_id, order_date, customer_id) VALUES ('ord038', '2024-01-11', 'cust039');
INSERT INTO orders (order_id, order_date, customer_id) VALUES ('ord039', '2024-01-12', 'cust040');
INSERT INTO orders (order_id, order_date, customer_id) VALUES ('ord040', '2024-01-13', 'cust041');
INSERT INTO orders (order_id, order_date, customer_id) VALUES ('ord041', '2024-01-14', 'cust042');
INSERT INTO orders (order_id, order_date, customer_id) VALUES ('ord042', '2024-01-15', 'cust043');
INSERT INTO orders (order_id, order_date, customer_id) VALUES ('ord043', '2024-01-16', 'cust044');
INSERT INTO orders (order_id, order_date, customer_id) VALUES ('ord044', '2024-01-17', 'cust045');
INSERT INTO orders (order_id, order_date, customer_id) VALUES ('ord045', '2024-01-18', 'cust046');
INSERT INTO orders (order_id, order_date, customer_id) VALUES ('ord046', '2024-01-19', 'cust047');
INSERT INTO orders (order_id, order_date, customer_id) VALUES ('ord047', '2024-01-20', 'cust048');
INSERT INTO orders (order_id, order_date, customer_id) VALUES ('ord048', '2024-01-21', 'cust049');
INSERT INTO orders (order_id, order_date, customer_id) VALUES ('ord049', '2024-01-22', 'cust050');
INSERT INTO orders (order_id, order_date, customer_id) VALUES ('ord050', '2024-01-23', 'cust051');
INSERT INTO orders (order_id, order_date, customer_id) VALUES ('ord051', '2024-01-24', 'cust052');
INSERT INTO orders (order_id, order_date, customer_id) VALUES ('ord052', '2024-01-25', 'cust053');
INSERT INTO orders (order_id, order_date, customer_id) VALUES ('ord053', '2024-01-26', 'cust054');
INSERT INTO orders (order_id, order_date, customer_id) VALUES ('ord054', '2024-01-27', 'cust055');
INSERT INTO orders (order_id, order_date, customer_id) VALUES ('ord055', '2024-01-28', 'cust056');
INSERT INTO orders (order_id, order_date, customer_id) VALUES ('ord056', '2024-01-01', 'cust057');
INSERT INTO orders (order_id, order_date, customer_id) VALUES ('ord057', '2024-01-02', 'cust058');
INSERT INTO orders (order_id, order_date, customer_id) VALUES ('ord058', '2024-01-03', 'cust059');
INSERT INTO orders (order_id, order_date, customer_id) VALUES ('ord059', '2024-01-04', 'cust060');
INSERT INTO orders (order_id, order_date, customer_id) VALUES ('ord060', '2024-01-05', 'cust061');
INSERT INTO orders (order_id, order_date, customer_id) VALUES ('ord061', '2024-01-06', 'cust062');
INSERT INTO orders (order_id, order_date, customer_id) VALUES ('ord062', '2024-01-07', 'cust063');
INSERT INTO orders (order_id, order_date, customer_id) VALUES ('ord063', '2024-01-08', 'cust064');
INSERT INTO orders (order_id, order_date, customer_id) VALUES ('ord064', '2024-01-09', 'cust065');
INSERT INTO orders (order_id, order_date, customer_id) VALUES ('ord065', '2024-01-10', 'cust066');
INSERT INTO orders (order_id, order_date, customer_id) VALUES ('ord066', '2024-01-11', 'cust067');
INSERT INTO orders (order_id, order_date, customer_id) VALUES ('ord067', '2024-01-12', 'cust068');
INSERT INTO orders (order_id, order_date, customer_id) VALUES ('ord068', '2024-01-13', 'cust069');
INSERT INTO orders (order_id, order_date, customer_id) VALUES ('ord069', '2024-01-14', 'cust070');
INSERT INTO orders (order_id, order_date, customer_id) VALUES ('ord070', '2024-01-15', 'cust071');
INSERT INTO orders (order_id, order_date, customer_id) VALUES ('ord071', '2024-01-16', 'cust072');
INSERT INTO orders (order_id, order_date, customer_id) VALUES ('ord072', '2024-01-17', 'cust073');
INSERT INTO orders (order_id, order_date, customer_id) VALUES ('ord073', '2024-01-18', 'cust074');
INSERT INTO orders (order_id, order_date, customer_id) VALUES ('ord074', '2024-01-19', 'cust075');
INSERT INTO orders (order_id, order_date, customer_id) VALUES ('ord075', '2024-01-20', 'cust076');
INSERT INTO orders (order_id, order_date, customer_id) VALUES ('ord076', '2024-01-21', 'cust077');
INSERT INTO orders (order_id, order_date, customer_id) VALUES ('ord077', '2024-01-22', 'cust078');
INSERT INTO orders (order_id, order_date, customer_id) VALUES ('ord078', '2024-01-23', 'cust079');
INSERT INTO orders (order_id, order_date, customer_id) VALUES ('ord079', '2024-01-24', 'cust080');
INSERT INTO orders (order_id, order_date, customer_id) VALUES ('ord080', '2024-01-25', 'cust081');
INSERT INTO orders (order_id, order_date, customer_id) VALUES ('ord081', '2024-01-26', 'cust082');
INSERT INTO orders (order_id, order_date, customer_id) VALUES ('ord082', '2024-01-27', 'cust083');
INSERT INTO orders (order_id, order_date, customer_id) VALUES ('ord083', '2024-01-28', 'cust084');
INSERT INTO orders (order_id, order_date, customer_id) VALUES ('ord084', '2024-01-01', 'cust085');
INSERT INTO orders (order_id, order_date, customer_id) VALUES ('ord085', '2024-01-02', 'cust086');
INSERT INTO orders (order_id, order_date, customer_id) VALUES ('ord086', '2024-01-03', 'cust087');
INSERT INTO orders (order_id, order_date, customer_id) VALUES ('ord087', '2024-01-04', 'cust088');
INSERT INTO orders (order_id, order_date, customer_id) VALUES ('ord088', '2024-01-05', 'cust089');
INSERT INTO orders (order_id, order_date, customer_id) VALUES ('ord089', '2024-01-06', 'cust090');
INSERT INTO orders (order_id, order_date, customer_id) VALUES ('ord090', '2024-01-07', 'cust091');
INSERT INTO orders (order_id, order_date, customer_id) VALUES ('ord091', '2024-01-08', 'cust092');
INSERT INTO orders (order_id, order_date, customer_id) VALUES ('ord092', '2024-01-09', 'cust093');
INSERT INTO orders (order_id, order_date, customer_id) VALUES ('ord093', '2024-01-10', 'cust094');
INSERT INTO orders (order_id, order_date, customer_id) VALUES ('ord094', '2024-01-11', 'cust095');
INSERT INTO orders (order_id, order_date, customer_id) VALUES ('ord095', '2024-01-12', 'cust096');
INSERT INTO orders (order_id, order_date, customer_id) VALUES ('ord096', '2024-01-13', 'cust097');
INSERT INTO orders (order_id, order_date, customer_id) VALUES ('ord097', '2024-01-14', 'cust098');
INSERT INTO orders (order_id, order_date, customer_id) VALUES ('ord098', '2024-01-15', 'cust099');
INSERT INTO orders (order_id, order_date, customer_id) VALUES ('ord099', '2024-01-16', 'cust100');
INSERT INTO orders (order_id, order_date, customer_id) VALUES ('ord100', '2024-01-17', 'cust101');
INSERT INTO orders (order_id, order_date, customer_id) VALUES ('ord101', '2024-01-18', 'cust102');
INSERT INTO orders (order_id, order_date, customer_id) VALUES ('ord102', '2024-01-19', 'cust103');
INSERT INTO orders (order_id, order_date, customer_id) VALUES ('ord103', '2024-01-20', 'cust104');
INSERT INTO orders (order_id, order_date, customer_id) VALUES ('ord104', '2024-01-21', 'cust105');
INSERT INTO orders (order_id, order_date, customer_id) VALUES ('ord105', '2024-01-22', 'cust106');
INSERT INTO orders (order_id, order_date, customer_id) VALUES ('ord106', '2024-01-23', 'cust107');
INSERT INTO orders (order_id, order_date, customer_id) VALUES ('ord107', '2024-01-24', 'cust108');
INSERT INTO orders (order_id, order_date, customer_id) VALUES ('ord108', '2024-01-25', 'cust109');
INSERT INTO orders (order_id, order_date, customer_id) VALUES ('ord109', '2024-01-26', 'cust110');
INSERT INTO orders (order_id, order_date, customer_id) VALUES ('ord110', '2024-01-27', 'cust111');
INSERT INTO orders (order_id, order_date, customer_id) VALUES ('ord111', '2024-01-28', 'cust112');
INSERT INTO orders (order_id, order_date, customer_id) VALUES ('ord112', '2024-01-01', 'cust113');
INSERT INTO orders (order_id, order_date, customer_id) VALUES ('ord113', '2024-01-02', 'cust114');
INSERT INTO orders (order_id, order_date, customer_id) VALUES ('ord114', '2024-01-03', 'cust115');
INSERT INTO orders (order_id, order_date, customer_id) VALUES ('ord115', '2024-01-04', 'cust116');
INSERT INTO orders (order_id, order_date, customer_id) VALUES ('ord116', '2024-01-05', 'cust117');
INSERT INTO orders (order_id, order_date, customer_id) VALUES ('ord117', '2024-01-06', 'cust118');
INSERT INTO orders (order_id, order_date, customer_id) VALUES ('ord118', '2024-01-07', 'cust119');
INSERT INTO orders (order_id, order_date, customer_id) VALUES ('ord119', '2024-01-08', 'cust120');
INSERT INTO orders (order_id, order_date, customer_id) VALUES ('ord120', '2024-01-09', 'cust121');
INSERT INTO orders (order_id, order_date, customer_id) VALUES ('ord121', '2024-01-10', 'cust122');
INSERT INTO orders (order_id, order_date, customer_id) VALUES ('ord122', '2024-01-11', 'cust123');
INSERT INTO orders (order_id, order_date, customer_id) VALUES ('ord123', '2024-01-12', 'cust124');
INSERT INTO orders (order_id, order_date, customer_id) VALUES ('ord124', '2024-01-13', 'cust125');
INSERT INTO orders (order_id, order_date, customer_id) VALUES ('ord125', '2024-01-14', 'cust126');
INSERT INTO orders (order_id, order_date, customer_id) VALUES ('ord126', '2024-01-15', 'cust127');
INSERT INTO orders (order_id, order_date, customer_id) VALUES ('ord127', '2024-01-16', 'cust128');
INSERT INTO orders (order_id, order_date, customer_id) VALUES ('ord128', '2024-01-17', 'cust129');
INSERT INTO orders (order_id, order_date, customer_id) VALUES ('ord129', '2024-01-18', 'cust130');
INSERT INTO orders (order_id, order_date, customer_id) VALUES ('ord130', '2024-01-19', 'cust131');
INSERT INTO orders (order_id, order_date, customer_id) VALUES ('ord131', '2024-01-20', 'cust132');
INSERT INTO orders (order_id, order_date, customer_id) VALUES ('ord132', '2024-01-21', 'cust133');
INSERT INTO orders (order_id, order_date, customer_id) VALUES ('ord133', '2024-01-22', 'cust134');
INSERT INTO orders (order_id, order_date, customer_id) VALUES ('ord134', '2024-01-23', 'cust135');
INSERT INTO orders (order_id, order_date, customer_id) VALUES ('ord135', '2024-01-24', 'cust136');
INSERT INTO orders (order_id, order_date, customer_id) VALUES ('ord136', '2024-01-25', 'cust137');
INSERT INTO orders (order_id, order_date, customer_id) VALUES ('ord137', '2024-01-26', 'cust138');
INSERT INTO orders (order_id, order_date, customer_id) VALUES ('ord138', '2024-01-27', 'cust139');
INSERT INTO orders (order_id, order_date, customer_id) VALUES ('ord139', '2024-01-28', 'cust140');
INSERT INTO orders (order_id, order_date, customer_id) VALUES ('ord140', '2024-01-01', 'cust141');
INSERT INTO orders (order_id, order_date, customer_id) VALUES ('ord141', '2024-01-02', 'cust142');
INSERT INTO orders (order_id, order_date, customer_id) VALUES ('ord142', '2024-01-03', 'cust143');
INSERT INTO orders (order_id, order_date, customer_id) VALUES ('ord143', '2024-01-04', 'cust144');
INSERT INTO orders (order_id, order_date, customer_id) VALUES ('ord144', '2024-01-05', 'cust145');
INSERT INTO orders (order_id, order_date, customer_id) VALUES ('ord145', '2024-01-06', 'cust146');
INSERT INTO orders (order_id, order_date, customer_id) VALUES ('ord146', '2024-01-07', 'cust147');
INSERT INTO orders (order_id, order_date, customer_id) VALUES ('ord147', '2024-01-08', 'cust148');
INSERT INTO orders (order_id, order_date, customer_id) VALUES ('ord148', '2024-01-09', 'cust149');
INSERT INTO orders (order_id, order_date, customer_id) VALUES ('ord149', '2024-01-10', 'cust150');
INSERT INTO orders (order_id, order_date, customer_id) VALUES ('ord150', '2024-01-11', 'cust151');
INSERT INTO orders (order_id, order_date, customer_id) VALUES ('ord151', '2024-01-12', 'cust152');
INSERT INTO orders (order_id, order_date, customer_id) VALUES ('ord152', '2024-01-13', 'cust153');
INSERT INTO orders (order_id, order_date, customer_id) VALUES ('ord153', '2024-01-14', 'cust154');
INSERT INTO orders (order_id, order_date, customer_id) VALUES ('ord154', '2024-01-15', 'cust155');
INSERT INTO orders (order_id, order_date, customer_id) VALUES ('ord155', '2024-01-16', 'cust156');
INSERT INTO orders (order_id, order_date, customer_id) VALUES ('ord156', '2024-01-17', 'cust157');
INSERT INTO orders (order_id, order_date, customer_id) VALUES ('ord157', '2024-01-18', 'cust158');
INSERT INTO orders (order_id, order_date, customer_id) VALUES ('ord158', '2024-01-19', 'cust159');
INSERT INTO orders (order_id, order_date, customer_id) VALUES ('ord159', '2024-01-20', 'cust160');
INSERT INTO orders (order_id, order_date, customer_id) VALUES ('ord160', '2024-01-21', 'cust161');
INSERT INTO orders (order_id, order_date, customer_id) VALUES ('ord161', '2024-01-22', 'cust162');
INSERT INTO orders (order_id, order_date, customer_id) VALUES ('ord162', '2024-01-23', 'cust163');
INSERT INTO orders (order_id, order_date, customer_id) VALUES ('ord163', '2024-01-24', 'cust164');
INSERT INTO orders (order_id, order_date, customer_id) VALUES ('ord164', '2024-01-25', 'cust165');
INSERT INTO orders (order_id, order_date, customer_id) VALUES ('ord165', '2024-01-26', 'cust166');
INSERT INTO orders (order_id, order_date, customer_id) VALUES ('ord166', '2024-01-27', 'cust167');
INSERT INTO orders (order_id, order_date, customer_id) VALUES ('ord167', '2024-01-28', 'cust168');
INSERT INTO orders (order_id, order_date, customer_id) VALUES ('ord168', '2024-01-01', 'cust169');
INSERT INTO orders (order_id, order_date, customer_id) VALUES ('ord169', '2024-01-02', 'cust170');
INSERT INTO orders (order_id, order_date, customer_id) VALUES ('ord170', '2024-01-03', 'cust171');
INSERT INTO orders (order_id, order_date, customer_id) VALUES ('ord171', '2024-01-04', 'cust172');
INSERT INTO orders (order_id, order_date, customer_id) VALUES ('ord172', '2024-01-05', 'cust173');
INSERT INTO orders (order_id, order_date, customer_id) VALUES ('ord173', '2024-01-06', 'cust174');
INSERT INTO orders (order_id, order_date, customer_id) VALUES ('ord174', '2024-01-07', 'cust175');
INSERT INTO orders (order_id, order_date, customer_id) VALUES ('ord175', '2024-01-08', 'cust176');
INSERT INTO orders (order_id, order_date, customer_id) VALUES ('ord176', '2024-01-09', 'cust177');
INSERT INTO orders (order_id, order_date, customer_id) VALUES ('ord177', '2024-01-10', 'cust178');
INSERT INTO orders (order_id, order_date, customer_id) VALUES ('ord178', '2024-01-11', 'cust179');
INSERT INTO orders (order_id, order_date, customer_id) VALUES ('ord179', '2024-01-12', 'cust180');
INSERT INTO orders (order_id, order_date, customer_id) VALUES ('ord180', '2024-01-13', 'cust181');
INSERT INTO orders (order_id, order_date, customer_id) VALUES ('ord181', '2024-01-14', 'cust182');
INSERT INTO orders (order_id, order_date, customer_id) VALUES ('ord182', '2024-01-15', 'cust183');
INSERT INTO orders (order_id, order_date, customer_id) VALUES ('ord183', '2024-01-16', 'cust184');
INSERT INTO orders (order_id, order_date, customer_id) VALUES ('ord184', '2024-01-17', 'cust185');
INSERT INTO orders (order_id, order_date, customer_id) VALUES ('ord185', '2024-01-18', 'cust186');
INSERT INTO orders (order_id, order_date, customer_id) VALUES ('ord186', '2024-01-19', 'cust187');
INSERT INTO orders (order_id, order_date, customer_id) VALUES ('ord187', '2024-01-20', 'cust188');
INSERT INTO orders (order_id, order_date, customer_id) VALUES ('ord188', '2024-01-21', 'cust189');
INSERT INTO orders (order_id, order_date, customer_id) VALUES ('ord189', '2024-01-22', 'cust190');
INSERT INTO orders (order_id, order_date, customer_id) VALUES ('ord190', '2024-01-23', 'cust191');
INSERT INTO orders (order_id, order_date, customer_id) VALUES ('ord191', '2024-01-24', 'cust192');
INSERT INTO orders (order_id, order_date, customer_id) VALUES ('ord192', '2024-01-25', 'cust193');
INSERT INTO orders (order_id, order_date, customer_id) VALUES ('ord193', '2024-01-26', 'cust194');
INSERT INTO orders (order_id, order_date, customer_id) VALUES ('ord194', '2024-01-27', 'cust195');
INSERT INTO orders (order_id, order_date, customer_id) VALUES ('ord195', '2024-01-28', 'cust196');
INSERT INTO orders (order_id, order_date, customer_id) VALUES ('ord196', '2024-01-01', 'cust197');
INSERT INTO orders (order_id, order_date, customer_id) VALUES ('ord197', '2024-01-02', 'cust198');
INSERT INTO orders (order_id, order_date, customer_id) VALUES ('ord198', '2024-01-03', 'cust199');
INSERT INTO orders (order_id, order_date, customer_id) VALUES ('ord199', '2024-01-04', 'cust200');
INSERT INTO orders (order_id, order_date, customer_id) VALUES ('ord200', '2024-01-05', 'cust001');
INSERT INTO order_items (order_items_pk, order_id, product_id, seller_id, price) VALUES (0, 'ord001', 'prod001', 'sell001', 341.95);
INSERT INTO order_items (order_items_pk, order_id, product_id, seller_id, price) VALUES (1, 'ord002', 'prod002', 'sell002', 68.21);
INSERT INTO order_items (order_items_pk, order_id, product_id, seller_id, price) VALUES (2, 'ord003', 'prod003', 'sell003', 277.77);
INSERT INTO order_items (order_items_pk, order_id, product_id, seller_id, price) VALUES (3, 'ord004', 'prod004', 'sell004', 363.83);
INSERT INTO order_items (order_items_pk, order_id, product_id, seller_id, price) VALUES (4, 'ord005', 'prod005', 'sell005', 464.06);
INSERT INTO order_items (order_items_pk, order_id, product_id, seller_id, price) VALUES (5, 'ord006', 'prod006', 'sell006', 332.59);
INSERT INTO order_items (order_items_pk, order_id, product_id, seller_id, price) VALUES (6, 'ord007', 'prod007', 'sell007', 74.11);
INSERT INTO order_items (order_items_pk, order_id, product_id, seller_id, price) VALUES (7, 'ord008', 'prod008', 'sell008', 490.33);
INSERT INTO order_items (order_items_pk, order_id, product_id, seller_id, price) VALUES (8, 'ord009', 'prod009', 'sell009', 223.34);
INSERT INTO order_items (order_items_pk, order_id, product_id, seller_id, price) VALUES (9, 'ord010', 'prod010', 'sell010', 285.34);
INSERT INTO order_items (order_items_pk, order_id, product_id, seller_id, price) VALUES (10, 'ord011', 'prod011', 'sell011', 122.62);
INSERT INTO order_items (order_items_pk, order_id, product_id, seller_id, price) VALUES (11, 'ord012', 'prod012', 'sell012', 211.14);
INSERT INTO order_items (order_items_pk, order_id, product_id, seller_id, price) VALUES (12, 'ord013', 'prod013', 'sell013', 79.81);
INSERT INTO order_items (order_items_pk, order_id, product_id, seller_id, price) VALUES (13, 'ord014', 'prod014', 'sell014', 244.6);
INSERT INTO order_items (order_items_pk, order_id, product_id, seller_id, price) VALUES (14, 'ord015', 'prod015', 'sell015', 183.32);
INSERT INTO order_items (order_items_pk, order_id, product_id, seller_id, price) VALUES (15, 'ord016', 'prod016', 'sell016', 413.08);
INSERT INTO order_items (order_items_pk, order_id, product_id, seller_id, price) VALUES (16, 'ord017', 'prod017', 'sell017', 153.53);
INSERT INTO order_items (order_items_pk, order_id, product_id, seller_id, price) VALUES (17, 'ord018', 'prod018', 'sell018', 197.8);
INSERT INTO order_items (order_items_pk, order_id, product_id, seller_id, price) VALUES (18, 'ord019', 'prod019', 'sell019', 249.82);
INSERT INTO order_items (order_items_pk, order_id, product_id, seller_id, price) VALUES (19, 'ord020', 'prod020', 'sell020', 255.72);
INSERT INTO order_items (order_items_pk, order_id, product_id, seller_id, price) VALUES (20, 'ord021', 'prod021', 'sell021', 489.9);
INSERT INTO order_items (order_items_pk, order_id, product_id, seller_id, price) VALUES (21, 'ord022', 'prod022', 'sell022', 15.96);
INSERT INTO order_items (order_items_pk, order_id, product_id, seller_id, price) VALUES (22, 'ord023', 'prod023', 'sell023', 433.93);
INSERT INTO order_items (order_items_pk, order_id, product_id, seller_id, price) VALUES (23, 'ord024', 'prod024', 'sell024', 197.91);
INSERT INTO order_items (order_items_pk, order_id, product_id, seller_id, price) VALUES (24, 'ord025', 'prod025', 'sell025', 66.43);
INSERT INTO order_items (order_items_pk, order_id, product_id, seller_id, price) VALUES (25, 'ord026', 'prod026', 'sell026', 103.2);
INSERT INTO order_items (order_items_pk, order_id, product_id, seller_id, price) VALUES (26, 'ord027', 'prod027', 'sell027', 390.65);
INSERT INTO order_items (order_items_pk, order_id, product_id, seller_id, price) VALUES (27, 'ord028', 'prod028', 'sell028', 158.51);
INSERT INTO order_items (order_items_pk, order_id, product_id, seller_id, price) VALUES (28, 'ord029', 'prod029', 'sell029', 58.91);
INSERT INTO order_items (order_items_pk, order_id, product_id, seller_id, price) VALUES (29, 'ord030', 'prod030', 'sell030', 36.02);
INSERT INTO order_items (order_items_pk, order_id, product_id, seller_id, price) VALUES (30, 'ord031', 'prod031', 'sell031', 463.26);
INSERT INTO order_items (order_items_pk, order_id, product_id, seller_id, price) VALUES (31, 'ord032', 'prod032', 'sell032', 413.73);
INSERT INTO order_items (order_items_pk, order_id, product_id, seller_id, price) VALUES (32, 'ord033', 'prod033', 'sell033', 398.35);
INSERT INTO order_items (order_items_pk, order_id, product_id, seller_id, price) VALUES (33, 'ord034', 'prod034', 'sell034', 370.22);
INSERT INTO order_items (order_items_pk, order_id, product_id, seller_id, price) VALUES (34, 'ord035', 'prod035', 'sell035', 52.01);
INSERT INTO order_items (order_items_pk, order_id, product_id, seller_id, price) VALUES (35, 'ord036', 'prod036', 'sell036', 362.94);
INSERT INTO order_items (order_items_pk, order_id, product_id, seller_id, price) VALUES (36, 'ord037', 'prod037', 'sell037', 315.97);
INSERT INTO order_items (order_items_pk, order_id, product_id, seller_id, price) VALUES (37, 'ord038', 'prod038', 'sell038', 46.88);
INSERT INTO order_items (order_items_pk, order_id, product_id, seller_id, price) VALUES (38, 'ord039', 'prod039', 'sell039', 346.59);
INSERT INTO order_items (order_items_pk, order_id, product_id, seller_id, price) VALUES (39, 'ord040', 'prod040', 'sell040', 288.24);
INSERT INTO order_items (order_items_pk, order_id, product_id, seller_id, price) VALUES (40, 'ord041', 'prod041', 'sell041', 360.86);
INSERT INTO order_items (order_items_pk, order_id, product_id, seller_id, price) VALUES (41, 'ord042', 'prod042', 'sell042', 398.82);
INSERT INTO order_items (order_items_pk, order_id, product_id, seller_id, price) VALUES (42, 'ord043', 'prod043', 'sell043', 261.24);
INSERT INTO order_items (order_items_pk, order_id, product_id, seller_id, price) VALUES (43, 'ord044', 'prod044', 'sell044', 104.2);
INSERT INTO order_items (order_items_pk, order_id, product_id, seller_id, price) VALUES (44, 'ord045', 'prod045', 'sell045', 444.41);
INSERT INTO order_items (order_items_pk, order_id, product_id, seller_id, price) VALUES (45, 'ord046', 'prod046', 'sell046', 498.51);
INSERT INTO order_items (order_items_pk, order_id, product_id, seller_id, price) VALUES (46, 'ord047', 'prod047', 'sell047', 39.7);
INSERT INTO order_items (order_items_pk, order_id, product_id, seller_id, price) VALUES (47, 'ord048', 'prod048', 'sell048', 476.71);
INSERT INTO order_items (order_items_pk, order_id, product_id, seller_id, price) VALUES (48, 'ord049', 'prod049', 'sell049', 315.63);
INSERT INTO order_items (order_items_pk, order_id, product_id, seller_id, price) VALUES (49, 'ord050', 'prod050', 'sell050', 487.68);
INSERT INTO order_items (order_items_pk, order_id, product_id, seller_id, price) VALUES (50, 'ord051', 'prod051', 'sell051', 456.28);
INSERT INTO order_items (order_items_pk, order_id, product_id, seller_id, price) VALUES (51, 'ord052', 'prod052', 'sell052', 340.72);
INSERT INTO order_items (order_items_pk, order_id, product_id, seller_id, price) VALUES (52, 'ord053', 'prod053', 'sell053', 326.92);
INSERT INTO order_items (order_items_pk, order_id, product_id, seller_id, price) VALUES (53, 'ord054', 'prod054', 'sell054', 469.4);
INSERT INTO order_items (order_items_pk, order_id, product_id, seller_id, price) VALUES (54, 'ord055', 'prod055', 'sell055', 82.92);
INSERT INTO order_items (order_items_pk, order_id, product_id, seller_id, price) VALUES (55, 'ord056', 'prod056', 'sell056', 395.89);
INSERT INTO order_items (order_items_pk, order_id, product_id, seller_id, price) VALUES (56, 'ord057', 'prod057', 'sell057', 112.5);
INSERT INTO order_items (order_items_pk, order_id, product_id, seller_id, price) VALUES (57, 'ord058', 'prod058', 'sell058', 13.5);
INSERT INTO order_items (order_items_pk, order_id, product_id, seller_id, price) VALUES (58, 'ord059', 'prod059', 'sell059', 105.55);
INSERT INTO order_items (order_items_pk, order_id, product_id, seller_id, price) VALUES (59, 'ord060', 'prod060', 'sell060', 481.95);
INSERT INTO order_items (order_items_pk, order_id, product_id, seller_id, price) VALUES (60, 'ord061', 'prod061', 'sell061', 487.62);
INSERT INTO order_items (order_items_pk, order_id, product_id, seller_id, price) VALUES (61, 'ord062', 'prod062', 'sell062', 315.52);
INSERT INTO order_items (order_items_pk, order_id, product_id, seller_id, price) VALUES (62, 'ord063', 'prod063', 'sell063', 144.18);
INSERT INTO order_items (order_items_pk, order_id, product_id, seller_id, price) VALUES (63, 'ord064', 'prod064', 'sell064', 268.77);
INSERT INTO order_items (order_items_pk, order_id, product_id, seller_id, price) VALUES (64, 'ord065', 'prod065', 'sell065', 75.11);
INSERT INTO order_items (order_items_pk, order_id, product_id, seller_id, price) VALUES (65, 'ord066', 'prod066', 'sell066', 267.89);
INSERT INTO order_items (order_items_pk, order_id, product_id, seller_id, price) VALUES (66, 'ord067', 'prod067', 'sell067', 383.04);
INSERT INTO order_items (order_items_pk, order_id, product_id, seller_id, price) VALUES (67, 'ord068', 'prod068', 'sell068', 61.93);
INSERT INTO order_items (order_items_pk, order_id, product_id, seller_id, price) VALUES (68, 'ord069', 'prod069', 'sell069', 368.91);
INSERT INTO order_items (order_items_pk, order_id, product_id, seller_id, price) VALUES (69, 'ord070', 'prod070', 'sell070', 37.79);
INSERT INTO order_items (order_items_pk, order_id, product_id, seller_id, price) VALUES (70, 'ord071', 'prod071', 'sell071', 494.36);
INSERT INTO order_items (order_items_pk, order_id, product_id, seller_id, price) VALUES (71, 'ord072', 'prod072', 'sell072', 412.05);
INSERT INTO order_items (order_items_pk, order_id, product_id, seller_id, price) VALUES (72, 'ord073', 'prod073', 'sell073', 215.03);
INSERT INTO order_items (order_items_pk, order_id, product_id, seller_id, price) VALUES (73, 'ord074', 'prod074', 'sell074', 20.0);
INSERT INTO order_items (order_items_pk, order_id, product_id, seller_id, price) VALUES (74, 'ord075', 'prod075', 'sell075', 326.85);
INSERT INTO order_items (order_items_pk, order_id, product_id, seller_id, price) VALUES (75, 'ord076', 'prod076', 'sell076', 329.89);
INSERT INTO order_items (order_items_pk, order_id, product_id, seller_id, price) VALUES (76, 'ord077', 'prod077', 'sell077', 251.74);
INSERT INTO order_items (order_items_pk, order_id, product_id, seller_id, price) VALUES (77, 'ord078', 'prod078', 'sell078', 231.04);
INSERT INTO order_items (order_items_pk, order_id, product_id, seller_id, price) VALUES (78, 'ord079', 'prod079', 'sell079', 98.32);
INSERT INTO order_items (order_items_pk, order_id, product_id, seller_id, price) VALUES (79, 'ord080', 'prod080', 'sell080', 48.0);
INSERT INTO order_items (order_items_pk, order_id, product_id, seller_id, price) VALUES (80, 'ord081', 'prod081', 'sell081', 408.03);
INSERT INTO order_items (order_items_pk, order_id, product_id, seller_id, price) VALUES (81, 'ord082', 'prod082', 'sell082', 475.24);
INSERT INTO order_items (order_items_pk, order_id, product_id, seller_id, price) VALUES (82, 'ord083', 'prod083', 'sell083', 323.66);
INSERT INTO order_items (order_items_pk, order_id, product_id, seller_id, price) VALUES (83, 'ord084', 'prod084', 'sell084', 69.08);
INSERT INTO order_items (order_items_pk, order_id, product_id, seller_id, price) VALUES (84, 'ord085', 'prod085', 'sell085', 113.36);
INSERT INTO order_items (order_items_pk, order_id, product_id, seller_id, price) VALUES (85, 'ord086', 'prod086', 'sell086', 367.97);
INSERT INTO order_items (order_items_pk, order_id, product_id, seller_id, price) VALUES (86, 'ord087', 'prod087', 'sell087', 424.67);
INSERT INTO order_items (order_items_pk, order_id, product_id, seller_id, price) VALUES (87, 'ord088', 'prod088', 'sell088', 208.24);
INSERT INTO order_items (order_items_pk, order_id, product_id, seller_id, price) VALUES (88, 'ord089', 'prod089', 'sell089', 494.55);
INSERT INTO order_items (order_items_pk, order_id, product_id, seller_id, price) VALUES (89, 'ord090', 'prod090', 'sell090', 427.41);
INSERT INTO order_items (order_items_pk, order_id, product_id, seller_id, price) VALUES (90, 'ord091', 'prod091', 'sell091', 384.52);
INSERT INTO order_items (order_items_pk, order_id, product_id, seller_id, price) VALUES (91, 'ord092', 'prod092', 'sell092', 414.39);
INSERT INTO order_items (order_items_pk, order_id, product_id, seller_id, price) VALUES (92, 'ord093', 'prod093', 'sell093', 272.29);
INSERT INTO order_items (order_items_pk, order_id, product_id, seller_id, price) VALUES (93, 'ord094', 'prod094', 'sell094', 43.35);
INSERT INTO order_items (order_items_pk, order_id, product_id, seller_id, price) VALUES (94, 'ord095', 'prod095', 'sell095', 363.66);
INSERT INTO order_items (order_items_pk, order_id, product_id, seller_id, price) VALUES (95, 'ord096', 'prod096', 'sell096', 491.22);
INSERT INTO order_items (order_items_pk, order_id, product_id, seller_id, price) VALUES (96, 'ord097', 'prod097', 'sell097', 361.58);
INSERT INTO order_items (order_items_pk, order_id, product_id, seller_id, price) VALUES (97, 'ord098', 'prod098', 'sell098', 232.26);
INSERT INTO order_items (order_items_pk, order_id, product_id, seller_id, price) VALUES (98, 'ord099', 'prod099', 'sell099', 241.86);
INSERT INTO order_items (order_items_pk, order_id, product_id, seller_id, price) VALUES (99, 'ord100', 'prod100', 'sell100', 48.87);
INSERT INTO order_items (order_items_pk, order_id, product_id, seller_id, price) VALUES (100, 'ord101', 'prod101', 'sell101', 340.92);
INSERT INTO order_items (order_items_pk, order_id, product_id, seller_id, price) VALUES (101, 'ord102', 'prod102', 'sell102', 193.33);
INSERT INTO order_items (order_items_pk, order_id, product_id, seller_id, price) VALUES (102, 'ord103', 'prod103', 'sell103', 383.86);
INSERT INTO order_items (order_items_pk, order_id, product_id, seller_id, price) VALUES (103, 'ord104', 'prod104', 'sell104', 235.06);
INSERT INTO order_items (order_items_pk, order_id, product_id, seller_id, price) VALUES (104, 'ord105', 'prod105', 'sell105', 398.18);
INSERT INTO order_items (order_items_pk, order_id, product_id, seller_id, price) VALUES (105, 'ord106', 'prod106', 'sell106', 245.83);
INSERT INTO order_items (order_items_pk, order_id, product_id, seller_id, price) VALUES (106, 'ord107', 'prod107', 'sell107', 88.27);
INSERT INTO order_items (order_items_pk, order_id, product_id, seller_id, price) VALUES (107, 'ord108', 'prod108', 'sell108', 349.96);
INSERT INTO order_items (order_items_pk, order_id, product_id, seller_id, price) VALUES (108, 'ord109', 'prod109', 'sell109', 462.9);
INSERT INTO order_items (order_items_pk, order_id, product_id, seller_id, price) VALUES (109, 'ord110', 'prod110', 'sell110', 289.69);
INSERT INTO order_items (order_items_pk, order_id, product_id, seller_id, price) VALUES (110, 'ord111', 'prod111', 'sell111', 358.52);
INSERT INTO order_items (order_items_pk, order_id, product_id, seller_id, price) VALUES (111, 'ord112', 'prod112', 'sell112', 150.7);
INSERT INTO order_items (order_items_pk, order_id, product_id, seller_id, price) VALUES (112, 'ord113', 'prod113', 'sell113', 305.42);
INSERT INTO order_items (order_items_pk, order_id, product_id, seller_id, price) VALUES (113, 'ord114', 'prod114', 'sell114', 277.55);
INSERT INTO order_items (order_items_pk, order_id, product_id, seller_id, price) VALUES (114, 'ord115', 'prod115', 'sell115', 134.63);
INSERT INTO order_items (order_items_pk, order_id, product_id, seller_id, price) VALUES (115, 'ord116', 'prod116', 'sell116', 346.59);
INSERT INTO order_items (order_items_pk, order_id, product_id, seller_id, price) VALUES (116, 'ord117', 'prod117', 'sell117', 148.13);
INSERT INTO order_items (order_items_pk, order_id, product_id, seller_id, price) VALUES (117, 'ord118', 'prod118', 'sell118', 397.7);
INSERT INTO order_items (order_items_pk, order_id, product_id, seller_id, price) VALUES (118, 'ord119', 'prod119', 'sell119', 286.72);
INSERT INTO order_items (order_items_pk, order_id, product_id, seller_id, price) VALUES (119, 'ord120', 'prod120', 'sell120', 206.29);
INSERT INTO order_items (order_items_pk, order_id, product_id, seller_id, price) VALUES (120, 'ord121', 'prod121', 'sell121', 91.21);
INSERT INTO order_items (order_items_pk, order_id, product_id, seller_id, price) VALUES (121, 'ord122', 'prod122', 'sell122', 196.37);
INSERT INTO order_items (order_items_pk, order_id, product_id, seller_id, price) VALUES (122, 'ord123', 'prod123', 'sell123', 260.14);
INSERT INTO order_items (order_items_pk, order_id, product_id, seller_id, price) VALUES (123, 'ord124', 'prod124', 'sell124', 424.78);
INSERT INTO order_items (order_items_pk, order_id, product_id, seller_id, price) VALUES (124, 'ord125', 'prod125', 'sell125', 328.7);
INSERT INTO order_items (order_items_pk, order_id, product_id, seller_id, price) VALUES (125, 'ord126', 'prod126', 'sell126', 41.62);
INSERT INTO order_items (order_items_pk, order_id, product_id, seller_id, price) VALUES (126, 'ord127', 'prod127', 'sell127', 430.96);
INSERT INTO order_items (order_items_pk, order_id, product_id, seller_id, price) VALUES (127, 'ord128', 'prod128', 'sell128', 256.57);
INSERT INTO order_items (order_items_pk, order_id, product_id, seller_id, price) VALUES (128, 'ord129', 'prod129', 'sell129', 384.5);
INSERT INTO order_items (order_items_pk, order_id, product_id, seller_id, price) VALUES (129, 'ord130', 'prod130', 'sell130', 45.85);
INSERT INTO order_items (order_items_pk, order_id, product_id, seller_id, price) VALUES (130, 'ord131', 'prod131', 'sell131', 465.8);
INSERT INTO order_items (order_items_pk, order_id, product_id, seller_id, price) VALUES (131, 'ord132', 'prod132', 'sell132', 492.07);
INSERT INTO order_items (order_items_pk, order_id, product_id, seller_id, price) VALUES (132, 'ord133', 'prod133', 'sell133', 272.89);
INSERT INTO order_items (order_items_pk, order_id, product_id, seller_id, price) VALUES (133, 'ord134', 'prod134', 'sell134', 196.54);
INSERT INTO order_items (order_items_pk, order_id, product_id, seller_id, price) VALUES (134, 'ord135', 'prod135', 'sell135', 295.26);
INSERT INTO order_items (order_items_pk, order_id, product_id, seller_id, price) VALUES (135, 'ord136', 'prod136', 'sell136', 165.12);
INSERT INTO order_items (order_items_pk, order_id, product_id, seller_id, price) VALUES (136, 'ord137', 'prod137', 'sell137', 204.5);
INSERT INTO order_items (order_items_pk, order_id, product_id, seller_id, price) VALUES (137, 'ord138', 'prod138', 'sell138', 89.31);
INSERT INTO order_items (order_items_pk, order_id, product_id, seller_id, price) VALUES (138, 'ord139', 'prod139', 'sell139', 194.99);
INSERT INTO order_items (order_items_pk, order_id, product_id, seller_id, price) VALUES (139, 'ord140', 'prod140', 'sell140', 332.31);
INSERT INTO order_items (order_items_pk, order_id, product_id, seller_id, price) VALUES (140, 'ord141', 'prod141', 'sell141', 237.65);
INSERT INTO order_items (order_items_pk, order_id, product_id, seller_id, price) VALUES (141, 'ord142', 'prod142', 'sell142', 306.21);
INSERT INTO order_items (order_items_pk, order_id, product_id, seller_id, price) VALUES (142, 'ord143', 'prod143', 'sell143', 65.82);
INSERT INTO order_items (order_items_pk, order_id, product_id, seller_id, price) VALUES (143, 'ord144', 'prod144', 'sell144', 470.99);
INSERT INTO order_items (order_items_pk, order_id, product_id, seller_id, price) VALUES (144, 'ord145', 'prod145', 'sell145', 242.2);
INSERT INTO order_items (order_items_pk, order_id, product_id, seller_id, price) VALUES (145, 'ord146', 'prod146', 'sell146', 463.74);
INSERT INTO order_items (order_items_pk, order_id, product_id, seller_id, price) VALUES (146, 'ord147', 'prod147', 'sell147', 353.2);
INSERT INTO order_items (order_items_pk, order_id, product_id, seller_id, price) VALUES (147, 'ord148', 'prod148', 'sell148', 495.76);
INSERT INTO order_items (order_items_pk, order_id, product_id, seller_id, price) VALUES (148, 'ord149', 'prod149', 'sell149', 201.2);
INSERT INTO order_items (order_items_pk, order_id, product_id, seller_id, price) VALUES (149, 'ord150', 'prod150', 'sell150', 210.74);
INSERT INTO order_items (order_items_pk, order_id, product_id, seller_id, price) VALUES (150, 'ord151', 'prod151', 'sell151', 130.66);
INSERT INTO order_items (order_items_pk, order_id, product_id, seller_id, price) VALUES (151, 'ord152', 'prod152', 'sell152', 475.88);
INSERT INTO order_items (order_items_pk, order_id, product_id, seller_id, price) VALUES (152, 'ord153', 'prod153', 'sell153', 298.03);
INSERT INTO order_items (order_items_pk, order_id, product_id, seller_id, price) VALUES (153, 'ord154', 'prod154', 'sell154', 262.33);
INSERT INTO order_items (order_items_pk, order_id, product_id, seller_id, price) VALUES (154, 'ord155', 'prod155', 'sell155', 243.06);
INSERT INTO order_items (order_items_pk, order_id, product_id, seller_id, price) VALUES (155, 'ord156', 'prod156', 'sell156', 301.85);
INSERT INTO order_items (order_items_pk, order_id, product_id, seller_id, price) VALUES (156, 'ord157', 'prod157', 'sell157', 40.36);
INSERT INTO order_items (order_items_pk, order_id, product_id, seller_id, price) VALUES (157, 'ord158', 'prod158', 'sell158', 181.84);
INSERT INTO order_items (order_items_pk, order_id, product_id, seller_id, price) VALUES (158, 'ord159', 'prod159', 'sell159', 78.64);
INSERT INTO order_items (order_items_pk, order_id, product_id, seller_id, price) VALUES (159, 'ord160', 'prod160', 'sell160', 249.88);
INSERT INTO order_items (order_items_pk, order_id, product_id, seller_id, price) VALUES (160, 'ord161', 'prod161', 'sell161', 348.9);
INSERT INTO order_items (order_items_pk, order_id, product_id, seller_id, price) VALUES (161, 'ord162', 'prod162', 'sell162', 74.89);
INSERT INTO order_items (order_items_pk, order_id, product_id, seller_id, price) VALUES (162, 'ord163', 'prod163', 'sell163', 148.66);
INSERT INTO order_items (order_items_pk, order_id, product_id, seller_id, price) VALUES (163, 'ord164', 'prod164', 'sell164', 339.27);
INSERT INTO order_items (order_items_pk, order_id, product_id, seller_id, price) VALUES (164, 'ord165', 'prod165', 'sell165', 469.49);
INSERT INTO order_items (order_items_pk, order_id, product_id, seller_id, price) VALUES (165, 'ord166', 'prod166', 'sell166', 252.73);
INSERT INTO order_items (order_items_pk, order_id, product_id, seller_id, price) VALUES (166, 'ord167', 'prod167', 'sell167', 401.76);
INSERT INTO order_items (order_items_pk, order_id, product_id, seller_id, price) VALUES (167, 'ord168', 'prod168', 'sell168', 336.51);
INSERT INTO order_items (order_items_pk, order_id, product_id, seller_id, price) VALUES (168, 'ord169', 'prod169', 'sell169', 267.06);
INSERT INTO order_items (order_items_pk, order_id, product_id, seller_id, price) VALUES (169, 'ord170', 'prod170', 'sell170', 198.58);
INSERT INTO order_items (order_items_pk, order_id, product_id, seller_id, price) VALUES (170, 'ord171', 'prod171', 'sell171', 167.21);
INSERT INTO order_items (order_items_pk, order_id, product_id, seller_id, price) VALUES (171, 'ord172', 'prod172', 'sell172', 20.97);
INSERT INTO order_items (order_items_pk, order_id, product_id, seller_id, price) VALUES (172, 'ord173', 'prod173', 'sell173', 216.53);
INSERT INTO order_items (order_items_pk, order_id, product_id, seller_id, price) VALUES (173, 'ord174', 'prod174', 'sell174', 101.76);
INSERT INTO order_items (order_items_pk, order_id, product_id, seller_id, price) VALUES (174, 'ord175', 'prod175', 'sell175', 160.23);
INSERT INTO order_items (order_items_pk, order_id, product_id, seller_id, price) VALUES (175, 'ord176', 'prod176', 'sell176', 406.37);
INSERT INTO order_items (order_items_pk, order_id, product_id, seller_id, price) VALUES (176, 'ord177', 'prod177', 'sell177', 496.54);
INSERT INTO order_items (order_items_pk, order_id, product_id, seller_id, price) VALUES (177, 'ord178', 'prod178', 'sell178', 355.64);
INSERT INTO order_items (order_items_pk, order_id, product_id, seller_id, price) VALUES (178, 'ord179', 'prod179', 'sell179', 263.84);
INSERT INTO order_items (order_items_pk, order_id, product_id, seller_id, price) VALUES (179, 'ord180', 'prod180', 'sell180', 443.02);
INSERT INTO order_items (order_items_pk, order_id, product_id, seller_id, price) VALUES (180, 'ord181', 'prod181', 'sell181', 422.26);
INSERT INTO order_items (order_items_pk, order_id, product_id, seller_id, price) VALUES (181, 'ord182', 'prod182', 'sell182', 81.64);
INSERT INTO order_items (order_items_pk, order_id, product_id, seller_id, price) VALUES (182, 'ord183', 'prod183', 'sell183', 384.56);
INSERT INTO order_items (order_items_pk, order_id, product_id, seller_id, price) VALUES (183, 'ord184', 'prod184', 'sell184', 92.22);
INSERT INTO order_items (order_items_pk, order_id, product_id, seller_id, price) VALUES (184, 'ord185', 'prod185', 'sell185', 434.41);
INSERT INTO order_items (order_items_pk, order_id, product_id, seller_id, price) VALUES (185, 'ord186', 'prod186', 'sell186', 280.65);
INSERT INTO order_items (order_items_pk, order_id, product_id, seller_id, price) VALUES (186, 'ord187', 'prod187', 'sell187', 325.22);
INSERT INTO order_items (order_items_pk, order_id, product_id, seller_id, price) VALUES (187, 'ord188', 'prod188', 'sell188', 180.52);
INSERT INTO order_items (order_items_pk, order_id, product_id, seller_id, price) VALUES (188, 'ord189', 'prod189', 'sell189', 428.46);
INSERT INTO order_items (order_items_pk, order_id, product_id, seller_id, price) VALUES (189, 'ord190', 'prod190', 'sell190', 220.27);
INSERT INTO order_items (order_items_pk, order_id, product_id, seller_id, price) VALUES (190, 'ord191', 'prod191', 'sell191', 208.91);
INSERT INTO order_items (order_items_pk, order_id, product_id, seller_id, price) VALUES (191, 'ord192', 'prod192', 'sell192', 251.41);
INSERT INTO order_items (order_items_pk, order_id, product_id, seller_id, price) VALUES (192, 'ord193', 'prod193', 'sell193', 239.52);
INSERT INTO order_items (order_items_pk, order_id, product_id, seller_id, price) VALUES (193, 'ord194', 'prod194', 'sell194', 147.92);
INSERT INTO order_items (order_items_pk, order_id, product_id, seller_id, price) VALUES (194, 'ord195', 'prod195', 'sell195', 323.65);
INSERT INTO order_items (order_items_pk, order_id, product_id, seller_id, price) VALUES (195, 'ord196', 'prod196', 'sell196', 66.55);
INSERT INTO order_items (order_items_pk, order_id, product_id, seller_id, price) VALUES (196, 'ord197', 'prod197', 'sell197', 200.08);
INSERT INTO order_items (order_items_pk, order_id, product_id, seller_id, price) VALUES (197, 'ord198', 'prod198', 'sell198', 214.76);
INSERT INTO order_items (order_items_pk, order_id, product_id, seller_id, price) VALUES (198, 'ord199', 'prod199', 'sell199', 383.7);
INSERT INTO order_items (order_items_pk, order_id, product_id, seller_id, price) VALUES (199, 'ord200', 'prod200', 'sell200', 21.48);
INSERT INTO order_reviews (review_id, order_id, review_score, review_comment_message) VALUES ('rev001', 'ord002', 5, 'Review 1');
INSERT INTO order_reviews (review_id, order_id, review_score, review_comment_message) VALUES ('rev002', 'ord003', 4, 'Review 2');
INSERT INTO order_reviews (review_id, order_id, review_score, review_comment_message) VALUES ('rev003', 'ord004', 3, 'Review 3');
INSERT INTO order_reviews (review_id, order_id, review_score, review_comment_message) VALUES ('rev004', 'ord005', 4, 'Review 4');
INSERT INTO order_reviews (review_id, order_id, review_score, review_comment_message) VALUES ('rev005', 'ord006', 1, 'Review 5');
INSERT INTO order_reviews (review_id, order_id, review_score, review_comment_message) VALUES ('rev006', 'ord007', 1, 'Review 6');
INSERT INTO order_reviews (review_id, order_id, review_score, review_comment_message) VALUES ('rev007', 'ord008', 3, 'Review 7');
INSERT INTO order_reviews (review_id, order_id, review_score, review_comment_message) VALUES ('rev008', 'ord009', 4, 'Review 8');
INSERT INTO order_reviews (review_id, order_id, review_score, review_comment_message) VALUES ('rev009', 'ord010', 5, 'Review 9');
INSERT INTO order_reviews (review_id, order_id, review_score, review_comment_message) VALUES ('rev010', 'ord011', 2, 'Review 10');
INSERT INTO order_reviews (review_id, order_id, review_score, review_comment_message) VALUES ('rev011', 'ord012', 2, 'Review 11');
INSERT INTO order_reviews (review_id, order_id, review_score, review_comment_message) VALUES ('rev012', 'ord013', 4, 'Review 12');
INSERT INTO order_reviews (review_id, order_id, review_score, review_comment_message) VALUES ('rev013', 'ord014', 3, 'Review 13');
INSERT INTO order_reviews (review_id, order_id, review_score, review_comment_message) VALUES ('rev014', 'ord015', 4, 'Review 14');
INSERT INTO order_reviews (review_id, order_id, review_score, review_comment_message) VALUES ('rev015', 'ord016', 4, 'Review 15');
INSERT INTO order_reviews (review_id, order_id, review_score, review_comment_message) VALUES ('rev016', 'ord017', 2, 'Review 16');
INSERT INTO order_reviews (review_id, order_id, review_score, review_comment_message) VALUES ('rev017', 'ord018', 4, 'Review 17');
INSERT INTO order_reviews (review_id, order_id, review_score, review_comment_message) VALUES ('rev018', 'ord019', 4, 'Review 18');
INSERT INTO order_reviews (review_id, order_id, review_score, review_comment_message) VALUES ('rev019', 'ord020', 3, 'Review 19');
INSERT INTO order_reviews (review_id, order_id, review_score, review_comment_message) VALUES ('rev020', 'ord021', 5, 'Review 20');
INSERT INTO order_reviews (review_id, order_id, review_score, review_comment_message) VALUES ('rev021', 'ord022', 3, 'Review 21');
INSERT INTO order_reviews (review_id, order_id, review_score, review_comment_message) VALUES ('rev022', 'ord023', 5, 'Review 22');
INSERT INTO order_reviews (review_id, order_id, review_score, review_comment_message) VALUES ('rev023', 'ord024', 3, 'Review 23');
INSERT INTO order_reviews (review_id, order_id, review_score, review_comment_message) VALUES ('rev024', 'ord025', 5, 'Review 24');
INSERT INTO order_reviews (review_id, order_id, review_score, review_comment_message) VALUES ('rev025', 'ord026', 5, 'Review 25');
INSERT INTO order_reviews (review_id, order_id, review_score, review_comment_message) VALUES ('rev026', 'ord027', 1, 'Review 26');
INSERT INTO order_reviews (review_id, order_id, review_score, review_comment_message) VALUES ('rev027', 'ord028', 4, 'Review 27');
INSERT INTO order_reviews (review_id, order_id, review_score, review_comment_message) VALUES ('rev028', 'ord029', 5, 'Review 28');
INSERT INTO order_reviews (review_id, order_id, review_score, review_comment_message) VALUES ('rev029', 'ord030', 5, 'Review 29');
INSERT INTO order_reviews (review_id, order_id, review_score, review_comment_message) VALUES ('rev030', 'ord031', 4, 'Review 30');
INSERT INTO order_reviews (review_id, order_id, review_score, review_comment_message) VALUES ('rev031', 'ord032', 1, 'Review 31');
INSERT INTO order_reviews (review_id, order_id, review_score, review_comment_message) VALUES ('rev032', 'ord033', 3, 'Review 32');
INSERT INTO order_reviews (review_id, order_id, review_score, review_comment_message) VALUES ('rev033', 'ord034', 1, 'Review 33');
INSERT INTO order_reviews (review_id, order_id, review_score, review_comment_message) VALUES ('rev034', 'ord035', 2, 'Review 34');
INSERT INTO order_reviews (review_id, order_id, review_score, review_comment_message) VALUES ('rev035', 'ord036', 3, 'Review 35');
INSERT INTO order_reviews (review_id, order_id, review_score, review_comment_message) VALUES ('rev036', 'ord037', 3, 'Review 36');
INSERT INTO order_reviews (review_id, order_id, review_score, review_comment_message) VALUES ('rev037', 'ord038', 4, 'Review 37');
INSERT INTO order_reviews (review_id, order_id, review_score, review_comment_message) VALUES ('rev038', 'ord039', 3, 'Review 38');
INSERT INTO order_reviews (review_id, order_id, review_score, review_comment_message) VALUES ('rev039', 'ord040', 4, 'Review 39');
INSERT INTO order_reviews (review_id, order_id, review_score, review_comment_message) VALUES ('rev040', 'ord041', 1, 'Review 40');
INSERT INTO order_reviews (review_id, order_id, review_score, review_comment_message) VALUES ('rev041', 'ord042', 5, 'Review 41');
INSERT INTO order_reviews (review_id, order_id, review_score, review_comment_message) VALUES ('rev042', 'ord043', 1, 'Review 42');
INSERT INTO order_reviews (review_id, order_id, review_score, review_comment_message) VALUES ('rev043', 'ord044', 5, 'Review 43');
INSERT INTO order_reviews (review_id, order_id, review_score, review_comment_message) VALUES ('rev044', 'ord045', 5, 'Review 44');
INSERT INTO order_reviews (review_id, order_id, review_score, review_comment_message) VALUES ('rev045', 'ord046', 3, 'Review 45');
INSERT INTO order_reviews (review_id, order_id, review_score, review_comment_message) VALUES ('rev046', 'ord047', 1, 'Review 46');
INSERT INTO order_reviews (review_id, order_id, review_score, review_comment_message) VALUES ('rev047', 'ord048', 4, 'Review 47');
INSERT INTO order_reviews (review_id, order_id, review_score, review_comment_message) VALUES ('rev048', 'ord049', 4, 'Review 48');
INSERT INTO order_reviews (review_id, order_id, review_score, review_comment_message) VALUES ('rev049', 'ord050', 3, 'Review 49');
INSERT INTO order_reviews (review_id, order_id, review_score, review_comment_message) VALUES ('rev050', 'ord051', 4, 'Review 50');
INSERT INTO order_reviews (review_id, order_id, review_score, review_comment_message) VALUES ('rev051', 'ord052', 4, 'Review 51');
INSERT INTO order_reviews (review_id, order_id, review_score, review_comment_message) VALUES ('rev052', 'ord053', 2, 'Review 52');
INSERT INTO order_reviews (review_id, order_id, review_score, review_comment_message) VALUES ('rev053', 'ord054', 3, 'Review 53');
INSERT INTO order_reviews (review_id, order_id, review_score, review_comment_message) VALUES ('rev054', 'ord055', 4, 'Review 54');
INSERT INTO order_reviews (review_id, order_id, review_score, review_comment_message) VALUES ('rev055', 'ord056', 4, 'Review 55');
INSERT INTO order_reviews (review_id, order_id, review_score, review_comment_message) VALUES ('rev056', 'ord057', 3, 'Review 56');
INSERT INTO order_reviews (review_id, order_id, review_score, review_comment_message) VALUES ('rev057', 'ord058', 5, 'Review 57');
INSERT INTO order_reviews (review_id, order_id, review_score, review_comment_message) VALUES ('rev058', 'ord059', 3, 'Review 58');
INSERT INTO order_reviews (review_id, order_id, review_score, review_comment_message) VALUES ('rev059', 'ord060', 5, 'Review 59');
INSERT INTO order_reviews (review_id, order_id, review_score, review_comment_message) VALUES ('rev060', 'ord061', 4, 'Review 60');
INSERT INTO order_reviews (review_id, order_id, review_score, review_comment_message) VALUES ('rev061', 'ord062', 4, 'Review 61');
INSERT INTO order_reviews (review_id, order_id, review_score, review_comment_message) VALUES ('rev062', 'ord063', 5, 'Review 62');
INSERT INTO order_reviews (review_id, order_id, review_score, review_comment_message) VALUES ('rev063', 'ord064', 2, 'Review 63');
INSERT INTO order_reviews (review_id, order_id, review_score, review_comment_message) VALUES ('rev064', 'ord065', 5, 'Review 64');
INSERT INTO order_reviews (review_id, order_id, review_score, review_comment_message) VALUES ('rev065', 'ord066', 5, 'Review 65');
INSERT INTO order_reviews (review_id, order_id, review_score, review_comment_message) VALUES ('rev066', 'ord067', 2, 'Review 66');
INSERT INTO order_reviews (review_id, order_id, review_score, review_comment_message) VALUES ('rev067', 'ord068', 5, 'Review 67');
INSERT INTO order_reviews (review_id, order_id, review_score, review_comment_message) VALUES ('rev068', 'ord069', 4, 'Review 68');
INSERT INTO order_reviews (review_id, order_id, review_score, review_comment_message) VALUES ('rev069', 'ord070', 5, 'Review 69');
INSERT INTO order_reviews (review_id, order_id, review_score, review_comment_message) VALUES ('rev070', 'ord071', 3, 'Review 70');
INSERT INTO order_reviews (review_id, order_id, review_score, review_comment_message) VALUES ('rev071', 'ord072', 4, 'Review 71');
INSERT INTO order_reviews (review_id, order_id, review_score, review_comment_message) VALUES ('rev072', 'ord073', 4, 'Review 72');
INSERT INTO order_reviews (review_id, order_id, review_score, review_comment_message) VALUES ('rev073', 'ord074', 5, 'Review 73');
INSERT INTO order_reviews (review_id, order_id, review_score, review_comment_message) VALUES ('rev074', 'ord075', 2, 'Review 74');
INSERT INTO order_reviews (review_id, order_id, review_score, review_comment_message) VALUES ('rev075', 'ord076', 1, 'Review 75');
INSERT INTO order_reviews (review_id, order_id, review_score, review_comment_message) VALUES ('rev076', 'ord077', 4, 'Review 76');
INSERT INTO order_reviews (review_id, order_id, review_score, review_comment_message) VALUES ('rev077', 'ord078', 4, 'Review 77');
INSERT INTO order_reviews (review_id, order_id, review_score, review_comment_message) VALUES ('rev078', 'ord079', 3, 'Review 78');
INSERT INTO order_reviews (review_id, order_id, review_score, review_comment_message) VALUES ('rev079', 'ord080', 4, 'Review 79');
INSERT INTO order_reviews (review_id, order_id, review_score, review_comment_message) VALUES ('rev080', 'ord081', 2, 'Review 80');
INSERT INTO order_reviews (review_id, order_id, review_score, review_comment_message) VALUES ('rev081', 'ord082', 4, 'Review 81');
INSERT INTO order_reviews (review_id, order_id, review_score, review_comment_message) VALUES ('rev082', 'ord083', 1, 'Review 82');
INSERT INTO order_reviews (review_id, order_id, review_score, review_comment_message) VALUES ('rev083', 'ord084', 1, 'Review 83');
INSERT INTO order_reviews (review_id, order_id, review_score, review_comment_message) VALUES ('rev084', 'ord085', 1, 'Review 84');
INSERT INTO order_reviews (review_id, order_id, review_score, review_comment_message) VALUES ('rev085', 'ord086', 4, 'Review 85');
INSERT INTO order_reviews (review_id, order_id, review_score, review_comment_message) VALUES ('rev086', 'ord087', 4, 'Review 86');
INSERT INTO order_reviews (review_id, order_id, review_score, review_comment_message) VALUES ('rev087', 'ord088', 2, 'Review 87');
INSERT INTO order_reviews (review_id, order_id, review_score, review_comment_message) VALUES ('rev088', 'ord089', 5, 'Review 88');
INSERT INTO order_reviews (review_id, order_id, review_score, review_comment_message) VALUES ('rev089', 'ord090', 2, 'Review 89');
INSERT INTO order_reviews (review_id, order_id, review_score, review_comment_message) VALUES ('rev090', 'ord091', 3, 'Review 90');
INSERT INTO order_reviews (review_id, order_id, review_score, review_comment_message) VALUES ('rev091', 'ord092', 3, 'Review 91');
INSERT INTO order_reviews (review_id, order_id, review_score, review_comment_message) VALUES ('rev092', 'ord093', 1, 'Review 92');
INSERT INTO order_reviews (review_id, order_id, review_score, review_comment_message) VALUES ('rev093', 'ord094', 1, 'Review 93');
INSERT INTO order_reviews (review_id, order_id, review_score, review_comment_message) VALUES ('rev094', 'ord095', 5, 'Review 94');
INSERT INTO order_reviews (review_id, order_id, review_score, review_comment_message) VALUES ('rev095', 'ord096', 4, 'Review 95');
INSERT INTO order_reviews (review_id, order_id, review_score, review_comment_message) VALUES ('rev096', 'ord097', 2, 'Review 96');
INSERT INTO order_reviews (review_id, order_id, review_score, review_comment_message) VALUES ('rev097', 'ord098', 3, 'Review 97');
INSERT INTO order_reviews (review_id, order_id, review_score, review_comment_message) VALUES ('rev098', 'ord099', 5, 'Review 98');
INSERT INTO order_reviews (review_id, order_id, review_score, review_comment_message) VALUES ('rev099', 'ord100', 5, 'Review 99');
INSERT INTO order_reviews (review_id, order_id, review_score, review_comment_message) VALUES ('rev100', 'ord101', 2, 'Review 100');
INSERT INTO order_reviews (review_id, order_id, review_score, review_comment_message) VALUES ('rev101', 'ord102', 3, 'Review 101');
INSERT INTO order_reviews (review_id, order_id, review_score, review_comment_message) VALUES ('rev102', 'ord103', 1, 'Review 102');
INSERT INTO order_reviews (review_id, order_id, review_score, review_comment_message) VALUES ('rev103', 'ord104', 5, 'Review 103');
INSERT INTO order_reviews (review_id, order_id, review_score, review_comment_message) VALUES ('rev104', 'ord105', 2, 'Review 104');
INSERT INTO order_reviews (review_id, order_id, review_score, review_comment_message) VALUES ('rev105', 'ord106', 4, 'Review 105');
INSERT INTO order_reviews (review_id, order_id, review_score, review_comment_message) VALUES ('rev106', 'ord107', 1, 'Review 106');
INSERT INTO order_reviews (review_id, order_id, review_score, review_comment_message) VALUES ('rev107', 'ord108', 1, 'Review 107');
INSERT INTO order_reviews (review_id, order_id, review_score, review_comment_message) VALUES ('rev108', 'ord109', 1, 'Review 108');
INSERT INTO order_reviews (review_id, order_id, review_score, review_comment_message) VALUES ('rev109', 'ord110', 5, 'Review 109');
INSERT INTO order_reviews (review_id, order_id, review_score, review_comment_message) VALUES ('rev110', 'ord111', 3, 'Review 110');
INSERT INTO order_reviews (review_id, order_id, review_score, review_comment_message) VALUES ('rev111', 'ord112', 5, 'Review 111');
INSERT INTO order_reviews (review_id, order_id, review_score, review_comment_message) VALUES ('rev112', 'ord113', 4, 'Review 112');
INSERT INTO order_reviews (review_id, order_id, review_score, review_comment_message) VALUES ('rev113', 'ord114', 1, 'Review 113');
INSERT INTO order_reviews (review_id, order_id, review_score, review_comment_message) VALUES ('rev114', 'ord115', 3, 'Review 114');
INSERT INTO order_reviews (review_id, order_id, review_score, review_comment_message) VALUES ('rev115', 'ord116', 3, 'Review 115');
INSERT INTO order_reviews (review_id, order_id, review_score, review_comment_message) VALUES ('rev116', 'ord117', 1, 'Review 116');
INSERT INTO order_reviews (review_id, order_id, review_score, review_comment_message) VALUES ('rev117', 'ord118', 3, 'Review 117');
INSERT INTO order_reviews (review_id, order_id, review_score, review_comment_message) VALUES ('rev118', 'ord119', 2, 'Review 118');
INSERT INTO order_reviews (review_id, order_id, review_score, review_comment_message) VALUES ('rev119', 'ord120', 4, 'Review 119');
INSERT INTO order_reviews (review_id, order_id, review_score, review_comment_message) VALUES ('rev120', 'ord121', 2, 'Review 120');
INSERT INTO order_reviews (review_id, order_id, review_score, review_comment_message) VALUES ('rev121', 'ord122', 2, 'Review 121');
INSERT INTO order_reviews (review_id, order_id, review_score, review_comment_message) VALUES ('rev122', 'ord123', 4, 'Review 122');
INSERT INTO order_reviews (review_id, order_id, review_score, review_comment_message) VALUES ('rev123', 'ord124', 1, 'Review 123');
INSERT INTO order_reviews (review_id, order_id, review_score, review_comment_message) VALUES ('rev124', 'ord125', 5, 'Review 124');
INSERT INTO order_reviews (review_id, order_id, review_score, review_comment_message) VALUES ('rev125', 'ord126', 5, 'Review 125');
INSERT INTO order_reviews (review_id, order_id, review_score, review_comment_message) VALUES ('rev126', 'ord127', 1, 'Review 126');
INSERT INTO order_reviews (review_id, order_id, review_score, review_comment_message) VALUES ('rev127', 'ord128', 4, 'Review 127');
INSERT INTO order_reviews (review_id, order_id, review_score, review_comment_message) VALUES ('rev128', 'ord129', 5, 'Review 128');
INSERT INTO order_reviews (review_id, order_id, review_score, review_comment_message) VALUES ('rev129', 'ord130', 5, 'Review 129');
INSERT INTO order_reviews (review_id, order_id, review_score, review_comment_message) VALUES ('rev130', 'ord131', 3, 'Review 130');
INSERT INTO order_reviews (review_id, order_id, review_score, review_comment_message) VALUES ('rev131', 'ord132', 4, 'Review 131');
INSERT INTO order_reviews (review_id, order_id, review_score, review_comment_message) VALUES ('rev132', 'ord133', 1, 'Review 132');
INSERT INTO order_reviews (review_id, order_id, review_score, review_comment_message) VALUES ('rev133', 'ord134', 2, 'Review 133');
INSERT INTO order_reviews (review_id, order_id, review_score, review_comment_message) VALUES ('rev134', 'ord135', 2, 'Review 134');
INSERT INTO order_reviews (review_id, order_id, review_score, review_comment_message) VALUES ('rev135', 'ord136', 5, 'Review 135');
INSERT INTO order_reviews (review_id, order_id, review_score, review_comment_message) VALUES ('rev136', 'ord137', 2, 'Review 136');
INSERT INTO order_reviews (review_id, order_id, review_score, review_comment_message) VALUES ('rev137', 'ord138', 5, 'Review 137');
INSERT INTO order_reviews (review_id, order_id, review_score, review_comment_message) VALUES ('rev138', 'ord139', 5, 'Review 138');
INSERT INTO order_reviews (review_id, order_id, review_score, review_comment_message) VALUES ('rev139', 'ord140', 1, 'Review 139');
INSERT INTO order_reviews (review_id, order_id, review_score, review_comment_message) VALUES ('rev140', 'ord141', 2, 'Review 140');
INSERT INTO order_reviews (review_id, order_id, review_score, review_comment_message) VALUES ('rev141', 'ord142', 2, 'Review 141');
INSERT INTO order_reviews (review_id, order_id, review_score, review_comment_message) VALUES ('rev142', 'ord143', 4, 'Review 142');
INSERT INTO order_reviews (review_id, order_id, review_score, review_comment_message) VALUES ('rev143', 'ord144', 4, 'Review 143');
INSERT INTO order_reviews (review_id, order_id, review_score, review_comment_message) VALUES ('rev144', 'ord145', 1, 'Review 144');
INSERT INTO order_reviews (review_id, order_id, review_score, review_comment_message) VALUES ('rev145', 'ord146', 5, 'Review 145');
INSERT INTO order_reviews (review_id, order_id, review_score, review_comment_message) VALUES ('rev146', 'ord147', 1, 'Review 146');
INSERT INTO order_reviews (review_id, order_id, review_score, review_comment_message) VALUES ('rev147', 'ord148', 5, 'Review 147');
INSERT INTO order_reviews (review_id, order_id, review_score, review_comment_message) VALUES ('rev148', 'ord149', 3, 'Review 148');
INSERT INTO order_reviews (review_id, order_id, review_score, review_comment_message) VALUES ('rev149', 'ord150', 4, 'Review 149');
INSERT INTO order_reviews (review_id, order_id, review_score, review_comment_message) VALUES ('rev150', 'ord151', 2, 'Review 150');
INSERT INTO order_reviews (review_id, order_id, review_score, review_comment_message) VALUES ('rev151', 'ord152', 5, 'Review 151');
INSERT INTO order_reviews (review_id, order_id, review_score, review_comment_message) VALUES ('rev152', 'ord153', 3, 'Review 152');
INSERT INTO order_reviews (review_id, order_id, review_score, review_comment_message) VALUES ('rev153', 'ord154', 1, 'Review 153');
INSERT INTO order_reviews (review_id, order_id, review_score, review_comment_message) VALUES ('rev154', 'ord155', 2, 'Review 154');
INSERT INTO order_reviews (review_id, order_id, review_score, review_comment_message) VALUES ('rev155', 'ord156', 3, 'Review 155');
INSERT INTO order_reviews (review_id, order_id, review_score, review_comment_message) VALUES ('rev156', 'ord157', 3, 'Review 156');
INSERT INTO order_reviews (review_id, order_id, review_score, review_comment_message) VALUES ('rev157', 'ord158', 4, 'Review 157');
INSERT INTO order_reviews (review_id, order_id, review_score, review_comment_message) VALUES ('rev158', 'ord159', 2, 'Review 158');
INSERT INTO order_reviews (review_id, order_id, review_score, review_comment_message) VALUES ('rev159', 'ord160', 2, 'Review 159');
INSERT INTO order_reviews (review_id, order_id, review_score, review_comment_message) VALUES ('rev160', 'ord161', 5, 'Review 160');
INSERT INTO order_reviews (review_id, order_id, review_score, review_comment_message) VALUES ('rev161', 'ord162', 2, 'Review 161');
INSERT INTO order_reviews (review_id, order_id, review_score, review_comment_message) VALUES ('rev162', 'ord163', 4, 'Review 162');
INSERT INTO order_reviews (review_id, order_id, review_score, review_comment_message) VALUES ('rev163', 'ord164', 3, 'Review 163');
INSERT INTO order_reviews (review_id, order_id, review_score, review_comment_message) VALUES ('rev164', 'ord165', 5, 'Review 164');
INSERT INTO order_reviews (review_id, order_id, review_score, review_comment_message) VALUES ('rev165', 'ord166', 4, 'Review 165');
INSERT INTO order_reviews (review_id, order_id, review_score, review_comment_message) VALUES ('rev166', 'ord167', 2, 'Review 166');
INSERT INTO order_reviews (review_id, order_id, review_score, review_comment_message) VALUES ('rev167', 'ord168', 1, 'Review 167');
INSERT INTO order_reviews (review_id, order_id, review_score, review_comment_message) VALUES ('rev168', 'ord169', 2, 'Review 168');
INSERT INTO order_reviews (review_id, order_id, review_score, review_comment_message) VALUES ('rev169', 'ord170', 2, 'Review 169');
INSERT INTO order_reviews (review_id, order_id, review_score, review_comment_message) VALUES ('rev170', 'ord171', 4, 'Review 170');
INSERT INTO order_reviews (review_id, order_id, review_score, review_comment_message) VALUES ('rev171', 'ord172', 5, 'Review 171');
INSERT INTO order_reviews (review_id, order_id, review_score, review_comment_message) VALUES ('rev172', 'ord173', 3, 'Review 172');
INSERT INTO order_reviews (review_id, order_id, review_score, review_comment_message) VALUES ('rev173', 'ord174', 5, 'Review 173');
INSERT INTO order_reviews (review_id, order_id, review_score, review_comment_message) VALUES ('rev174', 'ord175', 3, 'Review 174');
INSERT INTO order_reviews (review_id, order_id, review_score, review_comment_message) VALUES ('rev175', 'ord176', 5, 'Review 175');
INSERT INTO order_reviews (review_id, order_id, review_score, review_comment_message) VALUES ('rev176', 'ord177', 3, 'Review 176');
INSERT INTO order_reviews (review_id, order_id, review_score, review_comment_message) VALUES ('rev177', 'ord178', 4, 'Review 177');
INSERT INTO order_reviews (review_id, order_id, review_score, review_comment_message) VALUES ('rev178', 'ord179', 3, 'Review 178');
INSERT INTO order_reviews (review_id, order_id, review_score, review_comment_message) VALUES ('rev179', 'ord180', 2, 'Review 179');
INSERT INTO order_reviews (review_id, order_id, review_score, review_comment_message) VALUES ('rev180', 'ord181', 2, 'Review 180');
INSERT INTO order_reviews (review_id, order_id, review_score, review_comment_message) VALUES ('rev181', 'ord182', 2, 'Review 181');
INSERT INTO order_reviews (review_id, order_id, review_score, review_comment_message) VALUES ('rev182', 'ord183', 3, 'Review 182');
INSERT INTO order_reviews (review_id, order_id, review_score, review_comment_message) VALUES ('rev183', 'ord184', 4, 'Review 183');
INSERT INTO order_reviews (review_id, order_id, review_score, review_comment_message) VALUES ('rev184', 'ord185', 3, 'Review 184');
INSERT INTO order_reviews (review_id, order_id, review_score, review_comment_message) VALUES ('rev185', 'ord186', 1, 'Review 185');
INSERT INTO order_reviews (review_id, order_id, review_score, review_comment_message) VALUES ('rev186', 'ord187', 4, 'Review 186');
INSERT INTO order_reviews (review_id, order_id, review_score, review_comment_message) VALUES ('rev187', 'ord188', 4, 'Review 187');
INSERT INTO order_reviews (review_id, order_id, review_score, review_comment_message) VALUES ('rev188', 'ord189', 5, 'Review 188');
INSERT INTO order_reviews (review_id, order_id, review_score, review_comment_message) VALUES ('rev189', 'ord190', 1, 'Review 189');
INSERT INTO order_reviews (review_id, order_id, review_score, review_comment_message) VALUES ('rev190', 'ord191', 1, 'Review 190');
INSERT INTO order_reviews (review_id, order_id, review_score, review_comment_message) VALUES ('rev191', 'ord192', 2, 'Review 191');
INSERT INTO order_reviews (review_id, order_id, review_score, review_comment_message) VALUES ('rev192', 'ord193', 2, 'Review 192');
INSERT INTO order_reviews (review_id, order_id, review_score, review_comment_message) VALUES ('rev193', 'ord194', 5, 'Review 193');
INSERT INTO order_reviews (review_id, order_id, review_score, review_comment_message) VALUES ('rev194', 'ord195', 1, 'Review 194');
INSERT INTO order_reviews (review_id, order_id, review_score, review_comment_message) VALUES ('rev195', 'ord196', 3, 'Review 195');
INSERT INTO order_reviews (review_id, order_id, review_score, review_comment_message) VALUES ('rev196', 'ord197', 2, 'Review 196');
INSERT INTO order_reviews (review_id, order_id, review_score, review_comment_message) VALUES ('rev197', 'ord198', 3, 'Review 197');
INSERT INTO order_reviews (review_id, order_id, review_score, review_comment_message) VALUES ('rev198', 'ord199', 4, 'Review 198');
INSERT INTO order_reviews (review_id, order_id, review_score, review_comment_message) VALUES ('rev199', 'ord200', 2, 'Review 199');
INSERT INTO order_reviews (review_id, order_id, review_score, review_comment_message) VALUES ('rev200', 'ord001', 5, 'Review 200');
COMMIT;